URL ,Keyword,04.03.2026,17.02.2026,19.01.2026,02.01.2026,03.12.2025,18.11.2025,04.11.2025,15.10.2025,01.10.2025,12.09.2025,01.09.2025,08.08.25,07.07.25,05.06.25,07.05.25,07.04.25,06.03.25,07.02.25,07.01.25,05.12.24
https://bukovel.com/b24/hotels/bukovel-apart,апартаменти буковель,2,5,3,5,3,3,10,4,5,2,2,2,4,3,13,14,18,62,101,101
https://bukovel.com/b24/hotels/bukovel-apart,апартаменти в буковелі,2,10,3,6,3,5,13,10,9,5,5,3,5,5,101,27,101,101,101,101
https://bukovel.com/b24/hotels/bukovel-apart,апартаменти буковель оренда,5,7,4,7,5,7,7,7,6,6,4,4,4,5,24,15,25,29,101,101
https://bukovel.com/b24/hotels/bukovel-apart,буковель апартаменти з кухнею,16,17,7,10,5,4,20,9,8,13,14,12,23,22,21,32,35,101,101,101
https://bukovel.com/b24/hotels/bukovel-apart,апартаменти яремче,40,57,52,53,101,38,51,39,51,101,39,101,101,46,40,48,45,42,101,101
https://aquapark.bukovel.com/prices,буковель басейни ціни,16,14,11,19,21,4,4,5,6,13,2,2,3,2,2,2,1,1,1,2
https://bukovel.com/entertainments/5-voda-club,басейни в буковелі,4,7,10,11,13,10,5,5,5,5,5,4,5,2,1,2,2,2,4,4
https://bukovel.com/entertainments/5-voda-club,буковель басейни,2,4,3,3,4,4,4,4,12,4,3,2,5,1,1,1,1,1,2,1
https://bukovel.com/,буковель відпочинок,1,1,1,1,1,1,1,1,1,1,1,1,2,2,2,2,2,2,1,2
https://bukovel.com/,відпочинок в карпатах буковель,2,1,1,2,1,2,2,2,2,2,2,2,2,2,2,2,2,2,2,2
https://bukovel.com/,відпочинок буковель ціни,2,2,2,2,2,2,2,2,2,2,2,2,2,2,2,2,2,7,8,6
https://bukovel.com/,скільки коштує відпочинок в буковелі,3,3,3,5,4,8,6,6,7,8,6,7,7,11,11,13,12,17,17,11
https://bukovel.com/,відпочинок буковель ціна,2,3,2,3,3,3,3,3,3,3,4,5,6,4,6,6,7,8,12,7
https://bukovel.com/,відпочинок у буковелі ціни,2,2,3,3,4,4,4,4,5,5,6,5,6,5,8,6,7,11,10,9
https://bukovel.com/,карпати відпочинок буковель,1,1,1,2,2,2,2,2,2,2,2,2,2,2,2,2,2,2,2,2
https://bukovel.com/,де відпочити в буковелі,3,3,3,3,3,3,3,3,3,2,2,2,2,2,4,4,4,4,3,4
https://bukovel.com/,відпочинок в буковелі на двох,3,3,2,4,4,3,4,3,2,2,2,2,2,2,10,9,10,15,12,11
https://bukovel.com/,буковель де відпочити,2,2,1,2,2,2,2,2,2,2,1,1,2,2,2,1,2,1,1,1
https://bukovel.com/,карпати буковель ціни,2,1,2,2,2,2,2,2,2,2,2,3,2,2,2,2,2,3,6,3
https://bukovel.com/,буковель відпочинок з басейном,1,13,2,4,2,3,2,3,3,3,3,2,3,4,11,13,14,24,31,38
https://bukovel.com/,відпочинок в буковелі з басейном,2,32,2,8,7,7,9,8,6,7,7,5,4,5,21,21,23,32,30,43
https://bukovel.com/blog/kudi-piti-z-ditmi-v-bukovel,відпочинок в буковелі з дітьми,6,6,3,3,4,3,3,2,3,2,2,2,8,6,8,7,6,7,5,6
https://bukovel.com/blog/kudi-piti-z-ditmi-v-bukovel,буковель з дітьми,1,1,1,1,1,1,1,1,1,1,1,1,2,2,4,4,4,5,4,5
https://bukovel.com/blog/kudi-piti-z-ditmi-v-bukovel,відпочинок з дітьми буковель,4,2,2,2,2,1,1,1,1,1,1,1,3,7,6,8,8,7,5,3
https://bukovel.com/,відпочинок з басейном івано франківська область,101,66,101,101,101,40,101,101,101,55,50,42,49,52,101,101,101,41,101,101
none,поляниця відпочинок з басейном,101,31,101,101,101,20,33,101,101,55,101,39,36,41,49,101,101,46,101,101
https://bukovel.com/,готелі з басейном івано франківська область,101,31,101,101,101,11,101,101,101,101,15,56,48,42,101,101,101,41,101,101
none,відпочинок карпати,21,16,15,14,17,16,15,19,38,20,17,44,42,42,44,17,16,41,101,101
https://bukovel.com/,зимовий відпочинок в україні,30,58,43,101,42,38,36,39,73,82,90,101,101,93,92,83,101,53,101,101
https://bukovel.com/,ціна відпочинку в карпатах,21,35,27,35,30,30,30,36,63,32,62,68,75,79,81,78,75,65,71,101
none,відпочинок взимку в карпатах,61,51,101,88,101,101,101,101,101,101,101,101,101,87,77,68,74,68,101,101
https://bukovel.com/,бронювання готелю,39,32,66,55,54,48,48,101,101,101,101,101,59,101,101,101,101,93,101,101
https://bukovel.com/,забронювати готель,31,101,55,62,15,85,33,23,25,78,18,101,101,101,101,101,101,101,101,101
https://bukovel.com/,бронювання в готелі,101,53,61,66,62,62,77,84,101,101,101,101,60,101,101,101,101,101,101,101
https://bukovel.com/,буковель готелі,1,1,1,3,1,1,1,1,1,1,1,1,1,1,3,3,3,4,4,6
https://bukovel.com/,готелі буковель,2,1,1,2,1,1,1,1,1,2,1,1,1,1,3,4,4,5,6,7
https://bukovel.com/,bukovel hotels,1,1,2,2,2,1,1,2,2,2,1,1,1,1,3,3,3,4,4,2
https://bukovel.com/,готелі в буковелі,2,2,1,2,1,2,2,3,2,2,2,1,2,2,3,7,7,20,13,20
https://bukovel.com/,буковель готелі ціни,2,1,1,2,1,1,1,2,2,2,2,1,2,2,5,9,11,17,13,14
https://bukovel.com/,буковель готель ціни,1,1,1,2,1,2,1,1,2,1,1,1,2,2,5,7,8,12,11,76
https://bukovel.com/,готель у буковелі,2,2,2,2,2,2,2,2,2,2,2,2,2,2,5,8,9,9,9,17
https://bukovel.com/,готелі буковелі ціни,2,2,2,2,2,2,2,2,2,2,2,2,2,2,7,11,9,18,20,33
https://bukovel.com/,готелі буковель ціни,2,2,2,2,2,2,1,2,2,2,2,2,2,2,8,9,8,17,15,14
https://bukovel.com/,готель буковель ціна,2,2,2,2,2,2,1,2,2,2,2,2,2,2,3,6,9,11,9,8
https://bukovel.com/,буковель номера,1,1,1,2,1,2,2,2,2,2,1,1,2,1,3,3,3,6,6,4
https://bukovel.com/,буковель ціни на проживання,1,1,1,2,1,2,2,2,2,1,1,1,2,2,6,9,11,14,12,12
https://bukovel.com/,номер в буковелі,2,2,2,3,2,2,2,2,2,2,2,2,2,2,6,8,10,11,9,11
https://bukovel.com/,проживання буковель,1,1,1,2,2,2,2,2,2,2,2,2,2,2,6,4,7,8,11,8
https://bukovel.com/,номери в буковелі,2,2,2,4,2,2,2,2,2,2,2,2,2,2,9,10,10,12,9,12
https://bukovel.com/,готель в буковелі ціни,2,2,2,2,2,2,2,2,2,2,2,2,2,2,5,9,13,19,17,86
https://bukovel.com/,готелі в буковелі ціни,2,2,2,2,2,2,2,2,2,2,2,2,2,2,5,11,10,21,17,23
https://bukovel.com/,буковель ціна готелю,2,2,2,2,2,2,2,2,2,2,2,2,2,2,5,10,10,16,20,13
https://bukovel.com/,зняти номер в буковелі,2,2,2,4,2,2,2,2,2,2,2,2,2,3,9,11,12,20,13,13
https://bukovel.com/,bukovel resort,1,1,1,1,1,1,1,1,1,1,1,1,1,1,1,1,1,1,1,1
https://bukovel.com/,буковель забронювати номер,2,2,2,2,2,2,2,2,2,2,2,2,2,2,6,9,10,8,10,9
https://bukovel.com/,буковель зняти номер,2,2,2,2,2,2,2,2,2,2,2,2,2,2,8,10,12,10,12,12
https://bukovel.com/,готель на буковелі,2,2,2,2,2,2,2,2,2,2,2,2,2,2,3,6,9,9,8,15
https://bukovel.com/,зняти готель буковель,2,2,2,2,2,2,2,3,3,3,2,2,2,4,8,9,12,16,13,12
https://bukovel.com/,ціна готелю в буковелі,2,2,2,2,2,2,2,2,2,2,2,2,2,2,6,8,11,44,18,21
https://bukovel.com/,готелі на буковелі,1,2,2,2,2,2,2,2,2,2,2,2,2,2,3,5,13,18,14,19
https://bukovel.com/,ціни готелів в буковелі,2,2,2,2,2,2,2,2,2,2,2,2,2,2,5,12,12,20,16,19
https://bukovel.com/,бюджетні готелі буковель,5,12,5,5,5,6,6,6,6,6,6,5,4,4,10,26,32,33,28,35
https://bukovel.com/,буковель номери,1,1,1,1,1,1,1,1,1,1,1,1,1,1,3,3,3,6,4,7
https://bukovel.com/,готелі в центрі буковеля,2,4,2,5,3,4,3,4,3,2,2,2,2,2,4,7,9,12,101,13
https://bukovel.com/,готельний комплекс буковель,2,2,2,2,2,2,2,2,2,3,2,2,2,2,5,5,4,4,4,3
https://bukovel.com/,bukovel готелі,2,2,2,2,2,2,2,2,2,2,1,1,1,2,3,6,7,9,9,9
https://bukovel.com/,карпати буковель готелі,2,2,2,2,2,2,2,2,2,2,2,1,1,2,3,9,9,10,10,10
https://bukovel.com/,ціна номера в буковелі,2,2,2,3,2,2,3,3,2,3,2,2,2,2,8,14,13,23,15,16
https://bukovel.com/,забронювати готель в буковелі,2,2,2,3,2,2,2,2,2,2,2,2,2,2,7,11,12,22,12,13
https://bukovel.com/b24/hotel/amarena-spa,зняти готель в буковелі,2,2,2,4,2,2,2,2,2,2,2,2,2,3,10,12,12,17,13,12
https://bukovel.com/b24/hotel/amarena-spa,буковель бронювання,2,2,2,2,2,2,2,2,2,2,2,2,2,2,2,2,2,1,2,2
https://bukovel.com/,забронювати готель буковель,2,2,2,3,2,1,2,3,3,3,3,2,2,3,4,10,10,11,10,13
https://bukovel.com/,забронювати номер в буковелі,2,2,2,5,2,2,2,2,2,2,2,2,2,3,7,11,12,17,10,8
https://bukovel.com/,замовити готель в буковелі,2,2,2,3,2,2,2,2,2,2,2,2,2,3,8,10,13,25,15,14
https://bukovel.com/b24/hotels/bukovel-hotel,зняти номер в готелі буковель ціни,2,2,1,2,1,2,2,2,3,2,2,2,3,3,8,14,13,28,14,10
https://bukovel.com/entertainments/5-voda-club,буковель готелі з басейнами,2,16,2,4,2,3,6,3,3,3,3,2,3,6,40,39,28,40,34,49
https://bukovel.com/b24/hotel/amarena-spa,буковель готелі з басейном,1,7,2,3,2,2,2,2,2,2,2,2,2,3,12,13,23,28,42,101
https://bukovel.com/b24/hotel/amarena-spa,буковель готель з басейном,2,7,2,2,2,3,2,2,2,2,2,2,2,3,12,14,23,26,38,45
https://bukovel.com/b24/hotel/amarena-spa,готель буковель з басейном,1,7,2,4,2,2,2,2,2,2,2,2,2,3,10,16,19,30,25,101
https://bukovel.com/b24/hotel/amarena-spa,буковель готелі з басейном ціни,1,3,2,3,2,2,2,2,2,2,2,2,2,3,7,10,10,21,23,42
https://bukovel.com/b24/hotel/amarena-spa,буковель готель з басейном ціни,1,3,2,3,2,2,2,2,3,3,2,3,3,3,10,9,9,8,14,14
https://bukovel.com/entertainments/5-voda-club,готелі з басейнами буковель,2,21,2,4,2,3,5,3,3,3,3,2,3,5,40,32,29,33,40,51
https://bukovel.com/,готелі з басейном буковель,1,3,2,4,2,3,2,4,3,4,2,3,2,3,12,15,24,27,37,101
https://bukovel.com/b24/hotel/amarena-spa,готелі в буковелі з басейном,2,8,2,5,3,3,3,4,3,3,3,2,2,4,9,24,30,30,34,55
https://bukovel.com/b24/hotel/amarena-spa,готель в буковелі з басейном,2,9,2,6,3,4,5,4,3,4,2,3,2,5,15,29,33,33,57,71
https://bukovel.com/b24/hotel/amarena-spa,готелі буковеля з басейном,2,9,2,4,2,3,3,3,3,3,3,3,3,3,9,25,26,33,45,53
https://bukovel.com/b24/hotel/amarena-spa,буковель готелі з критим басейном,6,27,5,7,5,5,31,5,5,5,5,5,5,5,34,101,101,101,101,101
https://bukovel.com/b24/hotel/amarena-spa,готелі біля буковеля з басейном,3,13,3,4,3,3,4,4,5,4,4,4,3,3,15,31,30,30,61,101
https://bukovel.com/b24/hotel/amarena-spa,готель з басейном в буковелі,2,16,2,6,2,4,3,4,4,3,3,3,3,5,14,17,36,42,46,56
https://bukovel.com/entertainments/5-voda-club,готелі з відкритим басейном буковель,4,18,4,7,4,5,5,6,6,5,4,4,4,6,15,16,16,16,17,26
https://bukovel.com/,буковель бази відпочинку з басейном,4,10,2,3,2,3,5,3,4,3,2,2,3,4,8,7,7,10,21,35
https://bukovel.com/b24/hotel/amarena-spa,готелі у буковелі з басейном,2,5,2,5,3,3,3,3,3,2,2,3,3,4,9,18,101,43,44,56
https://bukovel.com/entertainments/chani,буковель готелі з чанами,10,15,13,15,10,10,12,17,15,14,18,14,12,11,11,9,6,8,8,8
https://bukovel.com/entertainments/chani,готель з чанами буковель,13,19,14,13,12,13,16,16,16,17,18,13,14,17,18,16,17,20,14,14
https://bukovel.com/,готелі,13,10,17,17,15,17,17,18,12,11,15,16,17,16,56,61,68,77,101,101
https://bukovel.com/,готель,30,23,24,29,71,31,31,25,21,65,80,101,101,101,66,101,101,101,101,101
https://bukovel.com/,номер в готелі,101,48,65,66,23,47,34,36,51,40,27,33,101,101,101,101,101,101,101,101
https://bukovel.com/,зняти готель,47,82,46,58,19,41,43,26,29,30,101,31,101,101,101,93,101,101,101,101
https://bukovel.com/,зняти номер в готелі,101,31,44,43,19,35,32,25,70,62,60,26,51,47,101,101,101,101,101,101
https://bukovel.com/,зняти номер,73,37,101,101,33,33,101,101,101,101,101,101,101,101,101,101,101,101,101,101
https://bukovel.com/,готель ціни,26,2,34,25,18,28,27,30,28,31,19,23,27,23,40,95,101,101,101,101
https://bukovel.com/,оренда готелю,23,27,26,101,59,25,25,23,28,81,17,16,40,28,44,72,74,75,87,87
https://bukovel.com/,забронювати номер в готелі,24,9,28,31,13,23,15,16,83,69,71,71,101,83,101,101,101,101,101,101
https://bukovel.com/,готелі біля буковеля,2,2,2,2,2,2,2,2,3,2,2,2,2,2,11,21,29,31,43,87
https://bukovel.com/,готелі поблизу буковеля,2,3,1,3,1,2,2,3,2,3,3,2,3,2,12,18,20,19,40,54
https://bukovel.com/,буковель готелі біля підйомника,4,16,4,5,4,5,3,4,4,4,4,4,3,3,7,15,15,19,40,42
https://bukovel.com/,готелі буковель біля підйомників,5,6,4,5,5,4,4,4,4,5,5,4,4,4,7,31,26,31,50,45
https://bukovel.com/,готелі в буковелі біля підйомників,6,15,5,7,6,5,5,5,5,5,5,5,5,4,12,33,33,35,101,101
https://bukovel.com/b24/hotel/amarena-spa,готель карпати,6,21,3,22,7,9,10,8,8,14,8,47,39,33,40,16,34,89,101,101
https://bukovel.com/b24/hotel/amarena-spa,готелі в карпатах,4,25,3,23,7,4,11,7,8,8,101,43,58,11,54,37,34,67,101,101
https://bukovel.com/b24/hotel/amarena-spa,карпати готелі,3,6,4,10,3,3,4,5,9,9,4,4,10,14,14,13,14,15,45,43
https://bukovel.com/b24/hotel/amarena-spa,готелі в карпатах з видом на гори,30,25,101,48,36,11,57,10,9,10,82,78,101,101,101,101,101,101,101,101
https://bukovel.com/b24/hotel/amarena-spa,готель у карпатах,5,42,3,19,5,3,6,6,9,9,7,6,69,12,48,61,57,101,101,101
https://bukovel.com/b24/hotel/amarena-spa,готель в горах карпати,4,34,3,20,4,20,23,6,101,19,26,54,61,67,77,75,66,64,101,101
https://bukovel.com/b24/hotel/amarena-spa,готелі у карпатах,4,27,4,11,5,5,11,6,7,7,7,7,6,8,35,44,101,72,101,69
https://bukovel.com/b24/hotel/amarena-spa,готелі в горах,7,38,5,18,7,17,20,17,20,33,39,53,21,13,71,69,67,66,101,101
https://bukovel.com/b24/hotel/amarena-spa,готелі з видом на гори,101,70,7,49,8,10,69,101,101,101,101,77,101,42,101,101,101,101,101,101
https://bukovel.com/b24/hotel/amarena-spa,готель в карпатах ціни,3,19,3,38,3,4,8,7,9,7,6,7,8,7,59,101,101,101,101,101
https://bukovel.com/b24/hotel/amarena-spa,зняти готель в карпатах,6,23,3,34,7,6,14,10,12,8,7,6,9,12,101,101,101,82,79,89
https://bukovel.com/b24/hotel/amarena-spa,відпочинок в карпатах готелі,5,25,3,14,4,6,13,8,9,8,6,5,6,9,53,15,19,15,17,38
https://bukovel.com/b24/hotel/amarena-spa,готелі карпати ціни,3,14,3,23,3,3,29,7,8,7,5,6,7,8,101,78,101,101,101,101
https://bukovel.com/b24/hotel/amarena-spa,готелі карпат ціни,3,37,3,9,3,3,5,4,6,7,4,3,4,7,101,87,101,92,101,101
https://bukovel.com/b24/hotel/amarena-spa,готелі карпат з гарним краєвидом,101,101,33,101,17,32,101,101,55,101,26,101,101,101,101,101,101,101,101,101
https://bukovel.com/b24/hotel/amarena-spa,забронювати готель в карпатах,3,16,3,10,3,3,7,5,7,6,5,5,6,9,66,101,101,101,101,101
https://bukovel.com/b24/hotel/amarena-spa,карпати готелі ціни,3,65,3,8,3,4,4,6,8,7,5,6,4,8,101,19,29,87,101,101
https://bukovel.com/b24/hotel/amarena-spa,готелі в горах карпати,5,35,5,18,7,8,20,9,10,28,7,9,8,34,101,101,101,101,101,101
https://bukovel.com/b24/hotel/amarena-spa,карпати відпочинок готелі,3,45,3,20,4,10,7,6,9,9,6,5,8,55,101,74,91,101,101,101
https://bukovel.com/b24/hotel/amarena-spa,готелі в карпатах все включено,101,27,25,24,16,21,21,19,20,14,31,26,15,14,46,53,52,101,52,75
https://bukovel.com/b24/hotel/amarena-spa,готелі в карпатах з краєвидом,101,101,101,101,101,101,101,101,101,101,101,101,101,101,101,101,101,101,101,101
https://bukovel.com/b24/hotel/amarena-spa,готелі з гарним краєвидом карпати,101,101,24,101,29,45,101,40,69,43,26,101,101,101,101,101,101,101,101,101
none,готелі в татарові з басейном,101,101,101,101,101,101,101,101,101,101,101,101,101,101,101,101,101,101,101,101
none,готелі з басейном,101,30,101,101,101,60,22,101,101,47,70,101,101,68,101,101,101,67,101,101
none,готель з басейном,101,45,101,101,101,23,28,101,101,101,80,101,101,86,101,101,101,78,101,101
none,готель з відкритим басейном,101,101,101,101,101,101,101,101,101,101,101,101,101,101,101,101,101,101,101,101
none,готелі з критим басейном карпати,101,34,101,101,101,48,101,101,101,101,101,101,101,101,101,101,101,101,101,101
none,готель з критим басейном карпати,101,43,101,101,101,49,101,101,101,101,101,101,101,101,101,101,101,101,101,101
none,готелі з критим басейном,101,101,101,101,101,69,101,101,101,101,101,101,101,101,101,101,101,101,101,101
none,готелі з закритим басейном,101,101,101,101,101,101,101,101,101,101,101,101,101,101,101,101,101,101,101,101
none,готелі з чанами,101,101,101,101,101,101,101,101,101,101,101,101,101,101,101,101,101,101,101,101
none,готель з чанами,101,101,101,101,101,101,101,101,101,101,101,101,101,101,101,101,101,101,101,101
none,готелі з чанами в карпатах,101,49,101,101,101,47,101,101,101,101,101,101,101,101,101,101,101,101,62,101
none,карпати готелі з чанами,101,68,101,101,101,101,101,101,101,101,101,101,101,101,101,101,101,101,101,101
none,готелі спа,101,43,21,62,26,57,45,101,29,101,101,50,62,71,101,101,101,101,101,101
none,готелі зі спа,36,49,101,101,101,29,27,78,101,101,101,101,101,101,101,57,101,101,101,101
https://bukovel.com/,бази відпочинку зі спа,55,101,101,101,101,44,101,101,101,101,101,101,101,101,101,101,101,101,101,101
none,готелі з спа,101,45,101,101,75,35,30,75,75,88,80,66,77,77,101,101,101,101,101,101
none,готель біля говерли,101,101,39,43,101,60,101,101,57,48,45,101,101,101,101,101,101,101,101,101
none,говерла готелі,101,68,57,66,71,85,71,68,52,27,28,34,101,101,72,83,61,101,64,90
none,говерла готелі поблизу,101,101,101,101,101,101,101,101,101,101,101,101,101,101,101,101,101,101,101,101
none,готелі поблизу говерли,30,101,20,87,24,59,79,101,101,101,101,101,101,101,101,101,101,101,101,101
none,готелі з басейнами карпати,101,45,101,101,101,36,101,101,101,101,80,101,101,101,101,101,101,101,101,101
https://bukovel.com/,готелі з басейном карпати,101,37,101,101,101,53,24,101,101,68,68,57,66,63,79,101,101,101,101,101
https://bukovel.com/,готелі в карпатах з басейном,101,72,101,101,101,31,33,101,101,81,81,88,86,87,91,101,101,84,101,101
none,готель в карпатах з басейном,101,43,101,101,101,34,81,101,101,48,87,101,101,73,76,101,101,82,101,101
https://bukovel.com/,карпати готель з басейном,101,78,101,101,101,24,22,101,101,75,75,86,77,69,60,101,101,101,101,101
none,готелі в карпатах з теплим басейном,101,45,101,101,101,27,101,101,101,101,101,101,101,101,101,101,101,101,101,101
none,готелі з басейнами в карпатах,101,42,101,101,101,41,101,101,101,101,101,101,101,101,101,101,101,101,101,101
none,готелі біля говерли з басейном,101,101,22,101,28,38,101,32,101,33,39,101,35,101,101,101,101,101,101,101
none,готелі з відкритим басейном,101,101,101,101,101,101,101,101,101,101,101,101,101,101,101,101,101,101,101,101
none,готелі з відкритим басейном карпати,101,82,42,101,51,101,101,101,101,101,101,101,101,101,101,101,101,101,101,101
none,готель у карпатах з басейном,101,34,101,101,101,31,27,101,101,81,82,101,101,101,101,101,101,101,101,101
none,готелі карпат з критим басейном,101,101,101,101,85,65,101,101,101,101,101,101,101,101,101,101,101,101,101,101
https://bukovel.com/,готель в горах з басейном,101,34,101,101,101,58,101,101,101,81,81,82,77,71,59,101,101,72,83,101
none,готель в карпатах з відкритим басейном,101,101,101,101,101,101,101,101,101,101,101,101,101,101,101,101,101,101,101,101
none,готелі в карпатах з відкритим басейном,101,101,101,101,101,80,101,101,101,101,101,101,101,101,101,101,101,101,101,101
none,готелі карпат з басейнами,101,56,101,101,101,36,101,101,101,101,101,101,84,101,101,101,101,101,101,101
none,готелі з басейном у карпатах,101,41,101,101,101,35,28,70,101,101,101,101,83,60,101,101,101,101,101,101
none,готелі карпат з відкритим басейном,101,68,101,101,101,87,101,101,101,101,101,101,101,72,72,101,81,87,101,101
https://bukovel.com/cams,драгобрат готелі,83,81,101,101,86,83,83,73,69,101,101,101,101,101,80,84,101,101,101,101
https://bukovel.com/cams,драгобрат готель,101,82,101,101,101,83,79,81,71,101,101,101,101,101,79,85,101,101,101,101
none,драгобрат готелі біля підйомника,101,101,101,101,101,101,101,101,101,101,101,101,101,101,101,101,101,101,101,101
none,драгобрат готелі з чанами,101,101,101,101,101,101,101,101,101,101,101,101,101,101,101,101,101,101,101,101
none,драгобрат готелі ціни,101,101,101,101,101,101,101,101,101,101,101,101,101,101,63,67,101,101,101,101
none,драгобрат готелі з басейном,101,101,101,101,101,101,101,101,101,101,101,101,101,101,101,101,101,101,101,101
none,еко готель,101,101,101,101,101,101,101,101,101,101,101,101,71,101,101,101,101,101,101,101
https://bukovel.com/b24/hotel/amarena-spa,еко готель карпати,43,101,101,101,101,83,101,101,101,101,101,101,101,101,101,101,101,101,101,101
https://bukovel.com/b24/hotel/amarena-spa,еко готелі карпати,57,101,101,101,101,101,101,101,101,101,101,76,101,101,101,101,101,101,101,101
https://bukovel.com/b24/hotel/amarena-spa,нові готелі в буковелі,2,1,2,3,2,2,2,2,1,1,1,1,1,1,7,7,8,7,8,9
https://bukovel.com/b24/hotel/amarena-spa,нові готелі буковеля,2,1,4,2,2,2,1,3,4,4,3,1,1,2,6,6,7,4,5,9
https://bukovel.com/,поляниця готелі,27,30,17,18,14,13,15,22,20,38,39,21,37,38,56,101,63,62,101,101
https://bukovel.com/,поляниця готелі з басейном,101,32,101,101,101,20,51,101,44,27,46,54,50,46,62,101,101,58,57,101
https://bukovel.com/cams,готелі поляниця буковель,3,11,3,11,8,5,9,15,13,12,13,4,13,12,25,43,50,55,56,101
https://bukovel.com/,база відпочинку поляниця,101,40,27,29,30,32,39,38,33,43,34,44,46,85,101,101,101,80,80,101
none,готель поляниця карпати,28,34,14,14,12,8,9,13,15,18,16,23,25,23,56,49,62,59,101,101
https://bukovel.com/,поляниця готель буковель,2,6,3,3,3,4,6,10,8,7,6,5,7,6,11,26,38,28,41,65
https://bukovel.com/b24/hotel/amarena-spa,спа готелі буковель,2,3,2,3,3,3,2,2,2,2,2,2,2,3,3,5,6,9,9,17
https://bukovel.com/entertainments/spa-tsentr-oazis,готелі буковель зі спа,2,2,2,3,3,3,4,3,3,2,2,2,2,3,4,5,18,20,19,23
https://bukovel.com/b24/hotel/amarena-spa,готелі в буковелі зі спа,2,2,3,4,3,4,5,5,5,4,3,2,3,3,8,18,17,24,25,29
https://bukovel.com/b24/hotel/amarena-spa,готель спа буковель,2,1,2,2,2,3,2,2,2,2,2,2,2,2,4,6,5,8,16,20
https://bukovel.com/b24/hotel/amarena-spa,спа готелі в буковелі,2,3,2,4,3,3,5,4,4,4,2,2,3,3,7,10,13,17,20,20
https://bukovel.com/b24/hotel/amarena-spa,готель зі спа буковель,2,2,2,3,3,3,4,3,4,2,2,2,2,3,6,11,12,23,22,84
https://bukovel.com/,спа готелі карпат,11,40,5,62,10,24,29,10,17,60,60,10,8,64,72,70,70,60,101,101
https://bukovel.com/b24/hotel/amarena-spa,спа готелі карпати,11,32,5,74,9,25,18,28,11,53,55,53,65,55,66,69,63,61,101,101
none,готелі зі спа карпати,10,31,6,101,5,23,13,7,9,6,5,5,7,9,71,68,74,67,101,101
https://bukovel.com/,готель зі спа карпати,18,40,8,101,4,12,18,6,11,5,3,3,7,10,75,74,72,68,101,101
https://bukovel.com/,карпати спа готель,8,34,3,81,5,13,22,31,101,60,58,70,71,67,69,69,101,101,101,101
none,готелі в карпатах зі спа,10,34,5,77,5,12,20,7,8,3,4,3,5,6,30,74,80,65,101,101
https://bukovel.com/b24/hotel/amarena-spa,спа готель карпати,7,33,6,79,9,13,53,33,35,60,55,55,76,68,81,71,70,72,101,101
https://bukovel.com/,найкращі спа готелі карпат,101,30,38,77,32,30,29,42,59,61,101,57,61,64,68,75,72,67,101,101
none,кращі спа готелі карпат,31,33,58,41,12,26,34,11,37,54,54,28,9,101,101,101,101,101,101,101
https://bukovel.com/,відпочинок в карпатах спа готель,39,42,5,90,9,29,28,10,28,8,4,7,6,10,101,101,101,101,101,101
https://bukovel.com/b24/hotel/amarena-spa,spa готель карпати,6,27,4,40,6,12,21,5,8,37,8,8,8,32,101,101,101,101,101,101
none,село яблуниця готелі,101,101,101,101,101,101,101,101,101,101,101,101,101,101,62,62,101,62,101,101
none,яблуниця готель з басейном,101,101,101,101,101,76,101,101,101,101,101,101,101,101,101,101,101,101,101,101
none,яблуниця котеджі з басейном,101,101,101,101,101,101,101,101,101,101,101,101,101,101,101,101,101,101,101,101
none,готелі в яблуниці з басейном,101,101,101,101,101,101,101,101,101,101,101,101,101,101,101,101,101,101,101,101
none,яремче готелі,56,63,101,101,101,101,48,81,82,69,56,70,78,72,70,79,73,67,101,79
none,яремче готель,74,66,101,101,101,101,52,84,82,82,66,101,78,68,68,62,73,68,101,101
none,яремча готелі,72,101,101,101,101,101,101,101,77,101,101,81,69,101,60,56,61,57,101,101
none,яремче готелі ціни,78,33,89,101,90,57,35,101,68,56,56,63,80,60,60,63,59,59,101,101
none,готель яремче ціни,88,61,101,87,101,56,38,101,71,65,65,70,75,64,58,57,57,56,101,101
none,готелі яремче з харчуванням,101,32,101,101,101,32,42,101,101,101,101,101,101,101,101,101,101,101,101,101
none,яремче готелі з басейном,101,55,101,101,101,78,47,101,101,101,62,74,77,65,65,101,101,62,101,101
none,яремче готель з басейном,101,87,101,101,101,56,45,101,101,68,64,76,90,76,70,101,101,56,101,101
none,готелі з басейнами яремче,101,101,101,101,101,57,101,101,101,101,101,101,101,101,101,101,101,101,101,101
none,яремча готелі з басейном,101,101,101,101,101,101,101,101,101,101,101,101,101,101,65,101,101,60,101,101
none,яремче готелі з басейном ціни,101,101,101,101,101,72,42,101,101,64,57,67,72,60,62,101,101,57,101,101
none,яремче готелі з басейном з підігрівом,101,42,101,101,101,41,101,101,101,101,101,101,101,101,101,101,101,101,101,101
none,яремче готелі з критим басейном,101,101,101,101,101,101,101,101,101,101,101,101,101,101,101,101,101,101,101,101
none,яремче готелі з відкритим басейном,101,101,101,101,101,101,101,101,101,101,101,101,101,101,101,101,101,101,101,101
none,яремче спа готель,64,76,101,101,101,71,45,101,63,65,56,69,76,81,80,69,71,71,101,101
none,яремче готель спа,81,72,89,101,101,76,42,101,67,64,58,62,79,71,70,77,69,63,101,101
none,яремче спа готелі,50,75,46,101,101,49,44,67,62,59,53,68,85,78,101,73,67,71,101,101
none,спа готелі в яремче,51,75,46,101,82,71,42,101,61,63,55,60,90,81,85,78,63,71,101,101
https://bukovel.com/,готелі яремче зі спа,101,39,101,101,101,42,31,101,101,101,101,101,101,101,101,69,101,101,101,101
none,ясиня готелі,68,101,101,101,101,101,101,101,101,101,101,101,101,101,101,101,101,101,101,101
none,ясеня готелі,101,101,67,101,101,101,101,101,101,101,101,101,101,101,101,101,101,101,101,101
none,буковель оренда житла,4,7,4,7,3,3,8,6,4,4,3,6,5,15,18,16,18,15,21,45
none,зняти житло буковель,3,7,3,8,3,4,9,4,3,3,3,6,7,14,101,19,101,23,30,45
none,зняти житло в буковелі,4,9,5,6,5,6,9,10,9,7,6,19,22,23,28,26,30,28,58,101
none,зняти кімнату в буковелі,101,35,20,81,65,101,101,101,101,101,101,101,101,33,101,101,101,101,101,60
none,оренда житла в буковелі,12,11,8,9,7,5,17,10,18,19,19,19,22,14,17,24,24,22,101,60
https://bukovel.com/,буковель житло,1,1,1,1,1,1,1,1,2,1,2,1,2,2,7,29,9,10,13,14
https://bukovel.com/,проживання в буковелі,2,2,2,3,3,3,2,2,2,2,2,2,2,2,4,4,7,12,10,19
none,поляниця проживання,36,38,20,27,12,15,13,17,19,34,32,25,31,28,40,43,35,36,66,101
none,зняти житло в поляниці,101,28,27,25,27,20,26,29,33,35,29,29,28,25,101,23,27,101,101,101
none,поляниця буковель житло,101,22,5,32,16,11,19,22,14,17,16,7,15,30,72,71,101,66,73,93
none,зняти житло поляниця,29,25,24,35,21,26,26,28,31,33,33,30,28,26,29,26,25,26,101,101
https://bukovel.com/blog/where-to-eat-in-bukovel-1,буковель ресторан,5,5,5,5,4,4,4,6,5,5,6,3,6,7,7,7,6,8,8,38
https://bukovel.com/blog/where-to-eat-in-bukovel-1,ресторан в буковелі,9,14,11,8,6,6,5,7,5,4,6,6,8,17,18,18,18,23,26,43
https://bukovel.com/blog/where-to-eat-in-bukovel-1,ресторани в буковелі,7,8,7,7,5,4,5,5,5,4,6,5,10,7,8,7,6,13,12,34
https://bukovel.com/blog/where-to-eat-in-bukovel-1,буковель кафе,4,2,5,5,3,4,5,4,5,4,4,4,6,6,6,5,4,5,8,11
https://bukovel.com/blog/where-to-eat-in-bukovel-1,кафе в буковелі,7,4,9,8,6,6,7,6,8,7,7,6,8,7,8,9,7,18,24,35
https://bukovel.com/blog/where-to-eat-in-bukovel-1,заклади харчування буковель,3,2,3,3,3,4,4,3,3,3,2,3,3,2,4,6,4,8,8,9
https://bukovel.com/entertainments/sushiia,суші буковель,16,9,11,9,7,7,10,11,7,9,10,12,8,6,6,6,7,8,7,6
https://bukovel.com/entertainments/sushiia,суші буковель доставка,101,33,23,22,18,18,19,18,16,18,18,17,14,13,12,14,15,18,11,12
https://bukovel.com/blog/where-to-eat-in-bukovel-1,суші в буковелі,9,11,8,9,10,10,11,10,10,9,10,11,10,7,7,9,9,101,6,6
https://bukovel.com/,буковель коттедж,18,15,14,18,20,18,15,40,19,28,40,33,43,101,101,101,101,56,81,101
https://bukovel.com/,буковель котеджі,5,5,8,6,20,7,8,8,10,8,7,7,17,15,12,10,12,27,38,31
none,зняти будинок в буковелі,15,11,11,13,8,8,12,13,25,26,26,22,26,29,33,34,35,32,101,101
https://bukovel.com/b24/hotel/amarena-spa,буковель котеджі ціни,14,15,5,5,5,6,11,10,8,39,9,8,29,29,13,13,12,39,37,46
https://bukovel.com/,буковель оренда будинків,11,14,22,41,14,16,18,20,42,38,43,45,53,67,69,68,58,66,53,66
https://bukovel.com/news/orenduite-kotedzhi-ta-apartamenti-bukovel-residence-na-saiti-tk-bukovel,котедж буковель оренда,11,12,5,3,12,5,6,12,11,13,17,15,19,13,29,20,22,33,37,78
https://bukovel.com/news/orenduite-kotedzhi-ta-apartamenti-bukovel-residence-na-saiti-tk-bukovel,оренда котеджів буковель,18,20,41,42,36,42,50,59,31,52,66,66,46,58,69,63,89,66,69,101
https://bukovel.com/news/orenduite-kotedzhi-ta-apartamenti-bukovel-residence-na-saiti-tk-bukovel,оренда котеджу буковель,101,101,101,101,101,101,101,101,101,101,101,101,22,31,101,32,29,30,57,65
none,зняти котедж в буковелі,15,20,16,15,17,13,19,21,18,19,28,26,31,31,33,26,31,46,70,63
none,котеджі біля буковеля,21,27,72,13,13,15,14,16,14,25,60,24,59,45,41,33,29,62,70,101
https://bukovel.com/news/orenduite-kotedzhi-ta-apartamenti-bukovel-residence-na-saiti-tk-bukovel,буковель зняти котедж,15,7,11,10,9,9,16,63,42,20,21,44,30,20,22,17,18,31,34,44
none,зняти будиночок у буковелі,16,14,11,12,12,11,13,13,18,26,26,29,42,38,41,31,31,79,38,48
none,котедж буковель поляниця,28,101,17,17,16,8,19,23,36,38,37,38,36,38,40,40,46,51,101,101
https://bukovel.com/,котеджі у буковелі,16,23,12,12,13,12,19,22,22,27,14,16,101,56,42,31,26,58,79,83
https://bukovel.com/,буковель котеджі з басейном,16,24,8,43,9,8,32,12,25,23,25,22,16,16,13,12,26,25,25,101
https://bukovel.com/,буковель котеджі з басейном ціни,18,24,7,30,7,6,101,10,10,9,20,22,18,15,13,10,16,24,32,89
https://bukovel.com/entertainments/5-voda-club,буковель будинок з басейном,34,34,6,55,6,5,29,8,19,19,20,9,17,15,15,11,29,23,24,77
https://bukovel.com/b24/hotel/amarena-spa,котеджі в буковелі з басейном,28,35,34,49,11,7,37,52,44,40,31,32,34,30,32,23,46,41,61,101
none,котедж з басейном,101,67,101,101,101,28,101,101,101,101,101,101,101,81,101,101,101,101,101,101
none,котедж з басейном карпати,101,50,101,101,101,34,48,101,101,52,47,56,60,63,101,101,75,101,101,101
none,котеджі з басейнами,101,68,101,101,101,33,101,101,101,101,101,101,101,101,101,101,101,101,101,101
https://bukovel.com/,котедж в карпатах з басейном,101,64,101,101,101,101,101,101,101,54,48,52,101,68,101,101,101,101,101,101
https://bukovel.com/,оренда котеджу з басейном карпати,101,101,101,101,101,31,101,101,101,101,101,101,101,101,101,101,101,101,101,101
none,котеджі у карпатах,101,101,56,62,61,56,69,61,101,101,101,101,101,101,101,101,101,101,101,101
none,котеджі поляниця,58,41,20,26,21,55,26,26,29,101,41,45,47,54,56,55,101,54,101,101
none,котеджі в поляниці,101,64,58,62,35,48,77,50,53,51,54,87,101,101,101,101,61,61,66,101
none,поляниця котеджі і приватні садиби,101,101,101,101,101,101,101,101,101,101,101,101,101,101,101,101,101,101,101,101
none,карпатські котеджі поляниця,101,101,101,101,101,101,101,101,101,101,101,101,101,101,101,101,101,101,101,101
https://bukovel.com/,котедж з басейном поляниця,101,101,101,101,101,25,101,101,101,71,101,101,101,90,101,101,101,101,101,101
https://bukovel.com/news/zustrichaite-novii-rik-v-goteliakh-bukovel,буковель новий рік,2,3,4,3,2,1,3,2,4,5,6,6,6,4,4,4,4,4,3,8
https://bukovel.com/news/zustrichaite-novii-rik-v-goteliakh-bukovel,новий рік в буковелі,5,14,8,6,4,3,5,7,8,10,17,7,8,8,8,8,8,8,10,17
https://bukovel.com/,котедж на новий рік,23,26,30,32,28,26,33,32,30,58,49,69,101,51,44,39,49,101,101,101
none,новий рік у карпатах,81,80,69,73,79,58,71,101,90,101,101,101,101,101,101,101,101,101,101,101
none,карпати новий рік,101,56,47,56,49,51,84,82,77,94,90,101,101,101,93,101,101,101,101,101
none,новорічна ніч в карпатах,101,101,59,101,101,101,101,101,101,101,101,101,101,101,101,101,101,101,101,101
https://bukovel.com/,новий рік в яремче,27,101,101,101,101,64,68,101,101,101,101,101,101,101,101,101,101,101,101,101
none,новий рік в горах,56,86,64,101,68,49,68,78,101,101,101,101,101,101,101,101,101,101,101,101
https://bukovel.com/equipment/rent,прокат лижів буковель,1,1,1,1,1,1,1,1,1,1,1,1,1,1,1,1,1,1,1,1
https://bukovel.com/equipment/rent,оренда лиж буковель,1,1,1,1,1,1,1,1,1,1,1,1,1,1,1,1,1,1,1,1
https://bukovel.com/equipment/rent,буковель прокат лиж,1,1,1,1,1,1,1,1,1,1,1,1,1,1,1,1,1,1,1,1
https://bukovel.com/equipment/rent,прокат спорядження буковель,1,1,1,1,1,1,1,1,1,1,1,1,1,1,1,1,1,1,1,1
https://bukovel.com/skipass,буковель лижі ціни,1,1,1,1,1,1,1,1,1,1,1,1,1,1,1,1,1,1,1,1
none,трансфер івано франківськ буковель,43,11,17,18,15,13,10,101,14,13,101,22,28,27,25,25,23,47,34,50
https://bukovel.com/entertainments/transferi,трансфер буковель,1,2,3,2,2,2,2,2,2,2,2,2,1,2,1,1,1,1,1,1
none,львів буковель трансфер,101,69,101,101,101,101,101,101,101,101,101,66,63,64,61,62,63,61,54,59
https://bukovel.com/entertainments/transferi,трансфер до буковеля,3,2,5,3,6,2,2,3,2,2,2,3,2,3,1,1,2,2,2,2
https://bukovel.com/b24/hotels/bukovel-chalet?lang=ru,шале буковель,1,1,1,1,1,1,1,1,1,1,1,2,1,2,2,15,15,16,101,101
https://bukovel.com/b24/hotels/bukovel-chalet?lang=ru,буковель шале,1,2,1,1,1,1,1,1,1,1,1,1,1,1,1,17,15,14,40,101
https://bukovel.com/b24/hotels/bukovel-chalet,шале в буковелі,2,3,2,2,2,2,2,2,2,2,2,4,2,4,6,16,20,28,101,79
https://bukovel.com/b24/hotels/bukovel-chalet,буковель шале ціни,1,1,1,1,1,1,2,1,1,1,1,2,2,3,4,9,9,12,16,101
https://bukovel.com/,шале в карпатах,31,42,37,26,28,11,28,34,28,45,44,52,46,42,50,54,49,49,101,101
none,шале в карпатах з басейном,101,37,101,101,101,10,22,101,101,50,101,57,47,42,101,101,101,44,101,101
https://bukovel.com/entertainments/spa-tsentr-oazis,масаж буковель,1,4,1,1,1,1,1,1,1,1,1,1,1,1,1,1,1,1,1,1
https://bukovel.com/entertainments/spa-tsentr-oazis,масаж буковель ціни,1,3,1,1,1,1,1,1,1,1,1,1,1,1,1,1,1,1,1,1
https://bukovel.com/entertainments/spa-tsentr-oazis,спа буковель,1,1,1,1,1,1,1,1,1,2,2,2,2,2,2,2,2,2,2,2
https://bukovel.com/entertainments/spa-tsentr-oazis,буковель спа,1,2,1,1,2,1,1,1,2,2,2,2,2,2,2,2,2,2,2,2
https://bukovel.com/entertainments/spa-tsentr-oazis,спа в буковелі,2,2,2,2,2,3,2,2,2,2,2,2,2,2,2,2,2,3,2,3
https://bukovel.com/entertainments/spa-tsentr-oazis,spa bukovel,1,2,1,1,1,1,1,1,2,1,2,1,1,1,1,1,1,2,2,2
https://bukovel.com/entertainments/spa-tsentr-oazis,spa буковель,1,3,1,1,1,1,1,2,2,2,2,1,1,2,2,2,1,2,2,2
https://bukovel.com/entertainments/spa-tsentr-oazis,bukovel spa,1,1,1,1,1,2,1,2,2,2,2,2,1,2,2,1,1,2,2,1
https://bukovel.com/entertainments/spa-tsentr-oazis,спа комплекс буковель,2,2,2,2,2,2,2,2,2,2,2,2,1,2,2,2,1,2,2,2
https://bukovel.com/entertainments/spa-tsentr-oazis,спа центр буковель,1,2,1,1,1,1,1,1,1,1,1,1,1,1,1,1,1,1,1,1
https://bukovel.com/b24/hotel/amarena-spa,bukovel hotel spa,1,2,1,1,1,2,2,2,2,2,2,1,2,2,2,6,5,6,7,9
https://bukovel.com/entertainments/spa-tsentr-oazis,спа у буковелі,2,8,2,2,3,3,2,3,2,3,3,3,2,3,2,3,2,3,3,3
https://bukovel.com/entertainments/spa-tsentr-oazis,буковель спа центр,1,1,1,1,1,1,1,1,1,1,1,1,1,1,1,1,1,1,1,1
https://bukovel.com/entertainments/spa-tsentr-oazis,спа салон буковель,1,2,1,1,2,1,2,2,1,1,1,1,1,1,1,1,1,1,1,1
https://bukovel.com/entertainments/spa-tsentr-oazis,спа буковель ціни,1,1,1,1,1,1,1,1,2,2,2,2,1,1,1,1,1,2,1,2
https://bukovel.com/,спа комплекси карпати,101,60,86,64,41,35,37,17,74,69,70,31,39,75,54,76,50,61,58,50
https://bukovel.com/skipass,спа комплекс карпати,40,40,101,101,56,69,28,40,44,66,63,67,85,78,83,78,74,77,101,101
none,відпочинок спа в карпатах,77,36,10,92,5,72,26,12,42,29,10,68,84,80,76,75,86,72,101,101
none,spa карпати,52,44,101,101,29,29,27,41,44,48,51,46,39,45,42,46,44,101,81,73
https://bukovel.com/,відпочинок в карпатах зі спа,101,36,9,75,10,13,58,10,13,10,9,9,9,14,101,75,75,101,101,101
https://bukovel.com/,спа відпочинок карпати,37,35,77,73,29,29,27,31,34,48,57,60,82,76,101,80,83,78,81,101
https://bukovel.com/blog/spa-vidpochinok-dlia-dvokh-relaks-programa-v-karpatakh,спа центр карпати,37,69,73,69,62,66,40,40,42,44,10,41,26,28,30,41,5,8,7,10
https://bukovel.com/b24/hotel/amarena-spa,спа резорт буковель,3,5,4,6,4,4,8,7,9,8,8,6,16,26,26,33,23,29,63,44
https://bukovel.com/b24/hotel/amarena-spa,spa resort буковель,4,9,4,8,7,11,17,12,11,11,9,14,8,6,21,40,23,52,53,56
https://bukovel.com/,резорт буковель,2,3,3,3,2,2,3,2,2,2,2,2,3,6,9,8,4,5,6,6
https://bukovel.com/,карпати резорт,101,48,44,59,46,39,28,27,82,101,101,73,88,91,101,82,86,75,66,101
none,spa яремче,67,89,101,101,101,101,68,101,82,68,62,101,101,85,91,77,78,79,101,101
https://bukovel.com/,спа яремче,58,101,101,101,101,84,63,101,74,67,62,101,88,75,81,74,75,76,101,101
none,spa комплекс,101,101,101,101,101,101,101,101,101,101,101,101,101,101,101,101,101,101,101,101
none,spa and resort,101,101,101,101,101,101,101,101,101,101,101,101,101,101,101,101,101,101,101,101
none,spa & resort,101,42,101,101,101,101,101,101,101,101,101,101,101,101,101,101,101,101,101,101
https://bukovel.com/,спа резорт,76,101,101,101,79,54,51,50,51,101,78,92,101,94,84,81,87,90,101,101
https://bukovel.com/b24/hotel/amarena-spa,hotel and spa resort,101,101,101,101,101,101,101,101,101,101,101,101,101,101,101,101,101,101,101,101
none,spa resort hotel,101,101,101,101,101,101,101,101,101,101,101,101,101,101,101,101,101,101,101,101
none,spa & hotel,101,101,101,101,101,101,101,101,101,101,101,101,101,101,101,101,101,101,101,101
https://bukovel.com/b24/hotel/amarena-spa,hotel&spa,46,42,36,39,101,101,101,101,101,101,101,32,101,101,101,101,101,101,101,101
none,spa in hotel,101,101,101,101,101,101,41,101,101,101,101,101,101,101,101,101,101,101,101,101
none,куди поїхати в карпати,46,101,79,75,101,101,101,101,101,101,101,101,101,101,101,101,101,101,101,101
https://bukovel.com/winter,буковель що подивитись,7,4,4,4,4,3,3,3,3,3,3,3,4,6,5,4,6,4,4,8
none,куди поїхати в карпати на 3 дні,36,37,85,42,101,101,101,101,101,101,101,82,85,101,101,101,101,101,101,101
https://bukovel.com/blog/kudi-piti-z-ditmi-v-bukovel,буковель куди піти з дітьми,1,2,1,1,1,1,1,1,1,1,1,1,1,1,2,3,1,1,1,2
none,карпати відпочинок куди поїхати,32,45,47,44,101,101,101,101,101,101,101,101,101,101,101,101,101,101,101,101
none,карпати де відпочити,79,49,28,29,23,33,37,35,68,72,68,63,72,63,101,69,69,67,101,101
none,карпати що подивитись,101,101,88,30,101,101,40,50,77,101,101,44,72,55,55,61,55,41,101,101
none,куди поїхати в карпати влітку,101,101,101,101,101,76,101,101,101,101,101,79,89,101,101,101,101,101,101,101
https://bukovel.com/blog/kudi-piti-z-ditmi-v-bukovel,куди поїхати в карпати з дитиною,101,101,101,54,101,101,101,101,101,101,101,73,85,101,101,101,101,73,101,101
none,куда поїхати в карпати,77,101,101,57,101,101,101,101,101,101,101,101,101,101,101,101,101,101,101,101
https://bukovel.com/,куди можна поїхати в карпати,44,70,101,101,101,101,101,101,101,101,101,101,101,101,101,101,101,101,101,101
https://bukovel.com/blog/kudi-piti-z-ditmi-v-bukovel,буковель що відвідати,5,4,3,3,3,3,3,3,2,2,2,2,4,3,3,3,3,4,5,6
none,куди краще поїхати в карпати,101,101,101,88,101,101,101,101,101,101,101,86,101,101,101,101,101,101,101,101
none,куди поїхати в карпати взимку,69,101,101,44,101,101,101,70,101,101,101,101,101,101,101,101,101,76,101,101
https://bukovel.com/,куди поїхати в карпати на вихідні,33,40,80,39,101,101,101,101,101,101,101,101,101,101,101,101,101,101,101,101
none,що брати з собою в карпати влітку,48,101,101,101,101,101,101,101,101,101,101,101,101,101,101,101,101,36,33,55
none,що взяти з собою в карпати,76,101,101,101,101,101,101,101,101,101,101,101,101,101,101,38,39,42,40,36
https://bukovel.com/,карпати куди поїхати літом,35,61,39,38,101,101,101,101,101,101,101,83,101,101,101,101,101,101,101,101
none,куди поїхати в карпати весною,101,101,101,101,101,101,101,101,101,101,101,67,68,101,101,101,101,101,101,101
none,куди поїхати в карпати на один день,29,54,86,39,101,101,101,101,101,101,101,101,94,101,101,101,101,101,101,101
none,куди поїхати відпочивати в карпати,101,101,101,61,101,101,101,101,101,101,101,101,101,101,101,101,101,101,101,101
none,куди поїхати відпочити в карпати,42,73,63,63,101,101,101,101,101,101,101,101,101,101,101,101,101,101,101,101
https://bukovel.com/blog/kudi-piti-z-ditmi-v-bukovel,куди поїхати з дітьми в карпати,101,101,101,89,101,101,101,101,101,101,63,79,101,101,101,101,101,74,101,101
none,куди поїхати з дітьми на відпочинок,101,101,101,72,101,101,101,101,101,101,101,101,101,101,101,101,101,101,101,101
https://bukovel.com/blog/shcho-robiti-v-bukoveli-voseni-idei-dlia-iaskravogo-vidpochinku,буковель що подивитись восени,1,1,1,1,1,1,1,1,1,1,1,1,1,1,1,1,1,1,1,1
none,куда поїхати в карпати літом,101,101,101,101,101,101,101,101,101,101,101,101,101,101,101,101,101,101,101,101
none,що брати з собою в карпати,101,101,101,101,101,101,101,101,101,101,101,101,101,101,101,101,101,49,39,43
https://bukovel.com/,буковель де відпочити,2,2,1,2,2,2,2,2,2,2,1,1,2,2,2,1,2,1,1,1
none,коли краще їхати в карпати,101,101,101,23,67,101,101,101,101,101,101,101,101,101,101,101,101,101,101,101
https://bukovel.com/,куди поїхати в карпати восени,101,43,43,44,101,101,101,101,101,101,101,82,83,101,101,101,101,101,101,101
none,що брати з собою на відпочинок в карпати,101,101,101,101,101,66,71,66,101,101,59,45,101,101,42,20,101,30,22,21
https://bukovel.com/artek/article/what-to-take,що взяти з собою в буковель,11,7,9,9,10,9,26,10,12,10,5,7,8,9,15,1,1,2,3,2
none,що потрібно для катання на лижах,101,53,36,42,101,101,101,101,101,101,101,101,101,101,101,101,101,56,51,101
https://bukovel.com/blog/where-to-eat-in-bukovel-1,буковель де смачно поїсти,5,3,6,6,5,5,8,6,4,5,5,5,5,3,4,4,5,4,5,7
https://bukovel.com/winter,буковель куди піти взимку,2,1,1,1,1,1,1,1,1,1,1,1,1,1,2,1,1,1,2,2
none,карпати куди піти,101,101,101,24,101,101,101,101,101,101,101,56,58,56,101,101,101,37,37,101
none,карпати що відвідати,101,79,101,51,101,101,101,101,101,101,101,77,82,75,78,84,74,73,101,101
https://bukovel.com/artek/article/what-to-take,що брати з собою в буковель влітку,9,19,10,9,15,19,24,8,8,8,4,5,7,7,7,1,1,1,1,4
none,що брати з собою в карпати взимку,101,101,101,101,101,101,101,101,101,101,101,101,101,101,101,101,101,101,101,101
none,що взяти на відпочинок в карпати,101,101,50,46,101,101,80,101,101,101,60,54,83,42,39,11,13,13,14,16
none,що потрібно брати з собою в карпати,101,101,101,101,101,101,101,101,69,76,101,57,101,101,51,101,101,52,43,48
none,що потрібно брати з собою в карпати зимою,101,101,101,101,101,101,101,101,101,101,101,101,101,101,101,101,101,101,101,69
https://bukovel.com/entertainments/mist,буковель де зупинитись,2,8,1,13,4,23,29,14,50,17,20,10,19,7,11,14,11,13,17,17
https://bukovel.com/blog/shcho-robiti-v-bukoveli-voseni-idei-dlia-iaskravogo-vidpochinku,буковель куди піти восени,1,1,1,1,1,1,1,1,1,2,1,2,2,1,1,1,1,1,2,1
https://bukovel.com/blog/where-to-eat-in-bukovel-1,буковель куди піти поїсти,3,2,4,5,4,5,5,5,3,3,3,3,4,4,12,13,6,8,101,8
https://bukovel.com/blog/what-to-see-at-bukovel,буковель що варто відвідати,4,6,5,5,4,5,4,4,4,3,3,4,4,3,4,4,6,8,6,11
https://bukovel.com/summer,буковель що цікавого влітку,16,2,2,2,2,2,2,2,1,2,2,1,2,2,2,1,2,2,2,2
https://bukovel.com/,де можна відсвяткувати новий рік у карпатах,27,53,45,60,101,101,61,51,101,101,101,101,101,101,101,101,101,101,101,101
none,карпати де краще відпочити,101,101,101,101,101,101,101,101,101,101,101,101,101,101,101,101,101,101,101,101
none,карпати де можна відпочити,27,101,45,46,34,49,57,71,101,101,101,101,101,101,101,101,101,101,101,101
none,карпати зимою куди поїхати,101,49,50,32,101,101,101,61,76,101,86,101,101,74,64,101,74,101,101,101
none,карпати куди варто поїхати,101,101,101,47,101,101,101,101,101,101,101,101,101,101,101,101,101,101,101,101
none,куди краще поїхати в карпати літом,101,101,101,101,101,101,101,101,101,101,101,101,101,101,101,101,101,101,101,101
none,куди недорого поїхати в карпати,60,69,38,46,101,101,101,101,101,101,101,101,101,101,101,101,101,101,101,101
none,куди поїхати в карпати без машини,101,101,101,101,101,101,101,101,101,101,101,101,101,101,101,101,101,101,101,101
none,куди поїхати в карпати з палатками,101,101,101,101,101,101,101,101,101,101,101,101,101,101,101,101,101,101,101,101
none,куди поїхати в карпати на новий рік,101,64,62,79,101,101,101,101,101,101,101,101,101,101,101,101,101,101,101,101
none,куди поїхати в карпати осінню,37,45,44,42,101,101,101,101,101,101,101,90,90,101,101,101,101,101,101,101
none,куди поїхати в карпати потягом,101,101,101,101,101,101,101,101,101,101,101,57,101,101,101,101,101,101,101,101
none,куди поїхати на лижі в карпати,44,61,48,41,101,101,101,101,101,101,101,101,101,66,101,93,101,101,101,101
https://bukovel.com/artek/article/what-to-take,що брати з собою в буковель,6,8,12,8,8,11,20,8,8,7,7,6,10,11,10,2,2,2,3,3
none,що брати на відпочинок в карпати,101,55,40,39,101,101,65,71,101,101,101,68,76,74,44,16,21,22,17,22
https://aquapark.bukovel.com/,аквапарк буковель,5,8,5,3,4,5,6,5,4,5,5,,,,,,,,,
https://aquapark.bukovel.com/,аквапарк мавка,8,5,4,10,5,6,6,3,3,3,3,,,,,,,,,
https://aquapark.bukovel.com/,аквапарк мавка буковель,6,8,5,9,6,6,7,5,5,4,6,,,,,,,,,
https://aquapark.bukovel.com/,mavka aquapark,4,7,6,6,3,7,7,7,7,6,6,,,,,,,,,
https://aquapark.bukovel.com/prices,аквапарк мавка буковель ціни,36,35,40,33,15,41,52,33,39,38,27,,,,,,,,,
https://aquapark.bukovel.com/prices,аквапарк буковель ціни,21,21,44,18,15,42,41,43,11,41,17,,,,,,,,,
https://aquapark.bukovel.com/,аквапарк в буковелі,16,37,11,12,13,49,101,101,101,9,101,,,,,,,,,
https://aquapark.bukovel.com/prices,аквапарк мавка ціни,39,32,41,32,16,47,47,45,32,49,47,,,,,,,,,
https://aquapark.bukovel.com/,mavka аквапарк,9,3,10,8,7,8,9,6,6,6,4,,,,,,,,,
https://aquapark.bukovel.com/,mavka aquapark поляниця відгуки,16,17,18,16,18,17,25,34,17,29,26,,,,,,,,,
https://aquapark.bukovel.com/,mavka aquapark поляниця зображення,33,16,9,5,6,33,35,21,25,29,8,,,,,,,,,
https://aquapark.bukovel.com/prices,аквапарк буковель цена,20,17,18,18,13,31,26,34,14,30,6,,,,,,,,,
https://aquapark.bukovel.com/,mavka aquapark поляниця,11,5,6,5,5,3,6,4,7,6,6,,,,,,,,,
https://aquapark.bukovel.com/,аквапарк мавка в буковелі,10,59,6,5,6,7,6,6,5,6,8,,,,,,,,,
https://invest.bukovel.com/news/yak-bude-vyglyadaty-akvapark-v-bukovel/,аквапарк буковель будівництво,25,70,28,77,71,76,101,29,74,101,50,,,,,,,,,
https://aquapark.bukovel.com/,новий аквапарк буковель,5,12,6,3,3,3,3,5,5,10,5,,,,,,,,,
https://aquapark.bukovel.com/,відкриття аквапарку в буковелі,7,5,70,12,16,17,18,101,101,101,101,,,,,,,,,
https://aquapark.bukovel.com/,aqua park bukovel,5,6,8,6,4,5,6,6,5,4,6,,,,,,,,,
https://bukovel.com/news/akvapark-mavka-v-bukovel-vidkrittia-7-liutogo,аквапарк буковель открытие,1,1,2,3,1,3,3,2,2,2,3,,,,,,,,,
https://aquapark.bukovel.com/,aqua park mavka,8,3,8,11,11,7,9,7,7,6,5,,,,,,,,,
https://aquapark.bukovel.com/,аквапарк мавка відгуки,17,21,22,25,25,32,32,35,26,22,32,,,,,,,,,
https://aquapark.bukovel.com/,аквапарк mavka зображення,26,12,42,40,53,5,14,17,16,20,7,,,,,,,,,
https://aquapark.bukovel.com/,аквапарк мавка сайт,4,3,4,3,3,4,4,3,3,3,5,,,,,,,,,
https://aquapark.bukovel.com/,аква буковель,5,5,5,5,5,5,5,5,5,5,5,,,,,,,,,
https://aquapark.bukovel.com/,bukovel aquapark,5,4,4,5,5,5,5,5,5,4,4,,,,,,,,,
https://aquapark.bukovel.com/,аквапарк лісова мавка,8,10,12,11,12,9,7,101,5,4,101,,,,,,,,,
https://aquapark.bukovel.com/,аквапарк мавка зображення,13,10,5,42,43,10,11,41,17,26,16,,,,,,,,,
https://aquapark.bukovel.com/,найбільший аквапарк україні буковель,17,7,3,3,7,7,7,8,8,23,10,,,,,,,,,
https://bukovel.com/news/-15-na-akvapark-mavka-pri-broniuvanni-nomeru-v-goteli,готель з аквапарком буковель,1,1,1,1,1,1,2,1,2,3,4,,,,,,,,,
https://aquapark.bukovel.com/prices,аквапарк в буковелі ціни,63,31,67,59,46,69,101,101,101,101,101,,,,,,,,,
https://aquapark.bukovel.com/prices,аквапарк мавка прайс,36,15,30,20,14,32,31,36,21,28,37,,,,,,,,,
https://aquapark.bukovel.com/,аквапарк мавка графік роботи,14,15,7,8,5,7,9,6,6,6,6,,,,,,,,,
https://aquapark.bukovel.com/prices,аквапарк мавка услуги,48,50,64,55,52,58,66,55,62,55,62,,,,,,,,,
https://aquapark.bukovel.com/,аквапарк мавка пільги,36,22,41,22,21,25,36,28,16,26,26,,,,,,,,,
https://aquapark.bukovel.com/,аквапарк мавка відео,12,9,12,16,17,17,21,19,12,21,30,,,,,,,,,
https://aquapark.bukovel.com/,аквапарк мавка інстаграм,101,35,29,26,22,24,25,20,24,27,36,,,,,,,,,
https://aquapark.bukovel.com/,аквапарк мавка адреса,17,7,8,8,7,7,10,5,7,10,10,,,,,,,,,
https://aquapark.bukovel.com/,аквапарк мавка в карпатах,6,10,4,7,5,8,3,8,9,10,28,,,,,,,,,
https://aquapark.bukovel.com/,аквапарк мавка буковель инстаграм,101,81,101,101,101,101,101,101,101,101,101,,,,,,,,,
https://aquapark.bukovel.com/prices,мавка аквапарк цены,13,16,22,19,13,30,27,29,20,21,25,,,,,,,,,
https://aquapark.bukovel.com/,де знаходиться аквапарк мавка,10,15,8,10,11,11,16,12,13,12,14,,,,,,,,,
https://aquapark.bukovel.com/,аквапарк буковель відгуки,22,24,21,20,17,23,25,23,24,21,19,,,,,,,,,
https://job.bukovel.com/,аквапарк буковель вакансії,13,17,10,10,8,13,12,14,10,10,101,,,,,,,,,
https://aquapark.bukovel.com/,аквапарк буковель робота,12,22,10,10,9,9,9,8,8,9,7,,,,,,,,,
https://aquapark.bukovel.com/,mavka аквапарк буковель,5,5,5,6,5,5,6,6,5,6,4,,,,,,,,,
https://aquapark.bukovel.com/prices,аквапарк mavka послуги,40,38,53,52,58,55,52,50,53,49,51,,,,,,,,,
https://aquapark.bukovel.com/,aquapark mavka bukovel,4,4,5,7,5,6,6,7,5,6,6,,,,,,,,,
https://aquapark.bukovel.com/prices,ціна аквапарку в буковелі,55,28,56,53,47,49,101,101,101,101,101,,,,,,,,,
https://aquapark.bukovel.com/prices,скільки коштує аквапарк в буковелі,54,28,55,44,47,72,51,101,101,101,101,,,,,,,,,
https://aquapark.bukovel.com/,новий аквапарк в буковелі,16,27,8,9,18,9,6,4,101,101,101,,,,,,,,,
https://aquapark.bukovel.com/,bukovel аквапарк,5,23,5,3,3,3,3,3,3,5,4,,,,,,,,,
https://bukovel.com/summer/2-turistichnii-tsentr-bukovel,екскурсії з буковеля,1,5,1,2,2,3,2,2,2,1,1,,,,,,,,,
https://bukovel.com/,туристичний центр буковель,1,1,1,1,1,1,1,1,1,1,1,,,,,,,,,
https://bukovel.com/tours-summer,буковель екскурсії літом,1,1,1,1,1,1,1,1,1,1,1,,,,,,,,,
https://bukovel.com/winter/turistichnii-tsentr-bukovel,екскурсії в буковелі,1,8,1,1,1,1,1,1,1,1,1,,,,,,,,,
none,похід на гору хомяк,101,101,9,8,9,10,7,8,6,7,7,,,,,,,,,
none,похід на хомяк,101,101,6,6,6,6,4,5,4,6,6,,,,,,,,,
none,похід на петрос,101,11,10,12,101,34,101,9,34,101,101,,,,,,,,,
none,одноденний похід на петрос,101,101,101,101,101,101,101,101,101,101,101,,,,,,,,,
https://bukovel.com/hiking-summer/khaiking-na-petros,похід на гору петрос,101,101,101,101,101,101,101,101,101,101,101,,,,,,,,,
none,петрос похід,101,9,8,41,32,30,34,44,101,39,101,,,,,,,,,
https://bukovel.com/hiking-summer/pokhid-na-goru-shpitsi-ta-ozero-nesamovite,похід на гору шпиці через озеро несамовите,3,101,4,4,4,4,5,4,4,4,4,,,,,,,,,
https://bukovel.com/hiking-summer/pokhid-na-goru-shpitsi-ta-ozero-nesamovite,похід на озеро несамовите,7,30,8,7,8,7,8,6,7,6,7,,,,,,,,,
https://bukovel.com/hiking-summer/pokhid-na-goru-shpitsi-ta-ozero-nesamovite,похід на несамовите,4,29,6,6,8,8,7,7,5,5,7,,,,,,,,,
https://bukovel.com/hiking-summer/pokhid-na-naivishchu-vershinu-ukrayini-goverlu,похід на говерлу,6,101,7,101,7,7,7,8,7,6,6,,,,,,,,,
https://bukovel.com/hiking-summer/pokhid-na-naivishchu-vershinu-ukrayini-goverlu,одноденний похід на говерлу,101,37,39,36,101,101,101,101,101,101,50,,,,,,,,,
https://bukovel.com/hiking-summer/pokhid-na-naivishchu-vershinu-ukrayini-goverlu,похід на говерлу ціна,8,101,33,34,11,36,35,35,101,30,29,,,,,,,,,
none,похід на говерлу вартість,101,50,32,40,44,39,37,101,52,38,26,,,,,,,,,
none,похід на говерлу 1 день,101,101,101,101,101,101,101,101,101,101,101,,,,,,,,,
none,похід на говерлу маршрут,5,7,28,22,20,15,17,21,22,22,18,,,,,,,,,
none,похід на говерлу 2025,101,30,38,60,42,43,42,40,42,35,30,,,,,,,,,
https://bukovel.com/hiking-summer/panoramnii,похід на синяк,21,27,21,6,29,5,5,5,6,4,5,,,,,,,,,
https://bukovel.com/hiking-summer/panoramnii,похід на гору синяк,21,25,6,7,6,6,6,5,5,4,8,,,,,,,,,
https://bukovel.com/hiking-summer/chornogora-kolektsiia-ukrayinskikh-dvotisiachnikiv,чорногора похід,7,13,9,9,10,9,10,6,7,8,7,,,,,,,,,
none,похід на піп іван,101,101,101,101,101,101,101,32,24,26,26,,,,,,,,,
none,похід на піп іван чорногірський,101,20,27,23,22,20,21,7,8,19,7,,,,,,,,,
none,одноденний похід на піп іван,101,80,74,78,101,101,101,101,101,101,101,,,,,,,,,
none,похід на гору піп іван,101,101,101,101,101,101,101,101,101,101,101,,,,,,,,,
https://bukovel.com/hiking-summer/splavi-po-chornomu-cheremoshu-i-prutu,чорний черемош рафтинг,7,20,18,16,17,17,17,19,19,19,18,,,,,,,,,
none,рафтинг на чорному черемоші,56,75,77,79,77,82,101,101,101,101,101,,,,,,,,,
none,чорний черемош сплав,9,5,6,9,5,5,6,5,8,5,5,,,,,,,,,
none,рафтинг на річці чорний черемош,101,25,30,32,28,28,29,31,30,27,30,,,,,,,,,
https://bukovel.com/tours-summer/zakarpattia-cvidovets-ta-kraftovi-kvasi,кваси екскурсії,101,9,10,9,9,8,10,8,8,9,6,,,,,,,,,
https://edelweiss.bukovel.com/,готель едельвейс,101,101,11,13,17,33,18,101,101,101,101,,,,,,,,,
https://edelweiss.bukovel.com/en/,готель едельвейс яремче,12,32,7,5,4,7,7,39,11,14,21,,,,,,,,,
https://bukovel.com/b24/hotels/edelveis,едельвейс готель,5,15,6,6,9,10,7,10,13,101,17,,,,,,,,,
https://edelweiss.bukovel.com/en/,едельвейс готель яремче,6,16,7,7,7,7,8,9,7,10,101,,,,,,,,,
https://edelweiss.bukovel.com/,готель едельвейс яремче телефон,101,101,10,14,8,11,22,51,45,32,89,,,,,,,,,
https://edelweiss.bukovel.com/,готель едельвейс яремча,9,16,9,11,8,21,12,101,10,11,101,,,,,,,,,
https://edelweiss.bukovel.com/,готель едельвейс яремче ціни,6,7,6,7,7,7,64,9,10,10,101,,,,,,,,,
https://edelweiss.bukovel.com/,готель едельвейс буковель,2,4,2,2,2,3,3,4,4,4,8,,,,,,,,,
https://bukovel-apart.bukovel.com/,bukovel apart,2,2,3,2,2,1,1,2,3,1,3,,,,,,,,,
https://bukovel-apart.bukovel.com/,апарт готель буковель,3,3,4,2,2,2,2,2,1,2,1,,,,,,,,,
https://bukovel-apart.bukovel.com/,буковель апарт готель,3,3,3,1,1,1,3,1,1,1,3,,,,,,,,,
https://bukovel-apart.bukovel.com/,bukovel apart сайт,2,2,2,2,2,2,2,2,2,2,2,,,,,,,,,
https://bukovel.com/b24/hotels/bukovel-apart,apart hotel bukovel,1,3,4,1,1,1,1,1,3,2,6,,,,,,,,,
https://bukovel.com/,буковель готель,1,1,1,2,1,1,1,1,1,1,1,,,,,,,,,
https://bukovel-hotel.bukovel.com/,bukovel hotel,3,3,3,1,1,1,1,1,1,1,1,,,,,,,,,
https://bukovel.com/b24/hotels/bukovel-hotel,готель буковель в буковелі,2,2,2,2,1,1,1,2,1,2,2,,,,,,,,,
https://bukovel-hotel.bukovel.com/,bukovel hotel сайт,2,2,2,1,1,1,1,1,1,1,1,,,,,,,,,
https://bukovel-hotel.bukovel.com/,готель bukovel,3,2,1,1,1,1,1,2,2,2,2,,,,,,,,,
https://bukovel-hotel.bukovel.com/,готель буковель контакти,1,1,1,1,1,1,1,1,1,1,1,,,,,,,,,
https://bukovel-hotel.bukovel.com/,готель буковель сайт,1,1,1,1,1,1,1,2,1,1,1,,,,,,,,,
https://bukovel-hotel.bukovel.com/,готель буковель сайт,1,1,1,1,1,1,1,2,1,1,1,,,,,,,,,
https://bukovel-hotel.bukovel.com/,готель буковель сайт,1,1,1,1,1,1,1,2,1,1,1,,,,,,,,,
https://bukovel-hotel.bukovel.com/,буковель hotel,3,3,1,1,1,1,1,2,2,2,1,,,,,,,,,
https://bukovel.com/b24/hotel/amarena-spa,готель тк буковель,5,2,2,4,4,4,5,4,1,2,3,,,,,,,,,
https://bukovel.com/,буковель забронювати,2,2,2,2,2,2,2,2,2,2,2,,,,,,,,,
https://bukovel.com/skipass,буковель скіпаси,1,1,1,1,1,1,1,1,1,1,,,,,,,,,,
https://bukovel.com/skipass,скі паси буковель,1,1,1,1,1,1,1,1,1,1,,,,,,,,,,
https://bukovel.com/skipass,ски пас буковель,1,1,1,1,1,1,1,1,1,1,,,,,,,,,,
https://bukovel.com/skipass,скіпаси,1,1,1,1,1,1,1,1,1,1,,,,,,,,,,
https://bukovel.com/b24/skipass,скіпас,1,1,1,1,1,1,1,1,1,1,,,,,,,,,,
https://bukovel.com/skipass,скі пас буковель,1,1,1,1,1,1,1,1,1,1,,,,,,,,,,
https://bukovel.com/skipass,скі пас,1,1,1,1,1,1,1,1,1,1,,,,,,,,,,
https://bukovel.com/skipass,буковель ціни на скі паси,1,1,1,1,1,1,1,1,1,1,,,,,,,,,,
https://bukovel.com/skipass,буковель ціни на скіпаси,1,1,1,1,1,1,1,1,1,1,,,,,,,,,,
https://bukovel.com/b24/skipass,буковель ціни скіпас,1,1,1,1,1,1,1,1,1,1,,,,,,,,,,
https://bukovel.com/skipass,буковель ціни скіпаси,1,1,1,1,1,1,1,1,1,1,,,,,,,,,,
https://bukovel.com/skipass,буковель скі паси ціна,1,1,1,1,1,1,1,1,1,1,,,,,,,,,,
https://bukovel.com/skipass,буковель скі паси ціни,1,1,1,1,1,1,1,1,1,1,,,,,,,,,,
https://bukovel.com/skipass,скі пас буковель ціна,1,1,1,1,1,1,1,1,1,1,,,,,,,,,,
https://bukovel.com/b24/skipass,ціна скіпасу буковель,1,1,1,1,1,1,1,1,1,1,,,,,,,,,,
https://bukovel.com/skipass,купити скі пас буковель,1,1,1,1,1,1,1,1,1,1,,,,,,,,,,
https://bukovel.com/skipass,вартість скіпаса буковель,1,1,1,1,1,1,1,1,1,1,,,,,,,,,,
https://bukovel.com/skipass,вартість скіпасів буковель,1,1,1,1,1,1,1,1,1,1,,,,,,,,,,
https://bukovel.com/skipass,купити скіпас буковель,1,1,1,1,1,1,1,1,1,1,,,,,,,,,,
https://bukovel.com/skipass,купити скіпаси буковель,1,1,1,1,1,1,1,1,1,1,,,,,,,,,,
https://bukovel.com/skipass,буковель вартість скіпасів,1,1,1,1,1,1,1,1,1,1,,,,,,,,,,
https://bukovel.com/skipass,буковель скіпас ціна,1,1,1,1,1,1,1,1,1,1,,,,,,,,,,
https://bukovel.com/skipass,bukovel скіпаси,1,1,1,1,1,1,1,1,1,1,,,,,,,,,,
https://bukovel.com/skipass,скі паси в буковелі,1,1,1,1,1,1,1,1,1,1,,,,,,,,,,
https://bukovel.com/b24/skipass,ski пас,1,1,1,1,1,1,1,1,1,1,,,,,,,,,,
https://bukovel.com/skipass,буковель вартість скі пасу,1,1,1,1,1,1,1,1,1,1,,,,,,,,,,
https://bukovel.com/skipass,буковель скіпас купити,1,1,1,1,1,1,1,1,1,1,,,,,,,,,,
https://bukovel.com/b24/skipass,купити ski pass,1,1,1,1,1,1,1,1,1,1,,,,,,,,,,
https://bukovel.com/b24/skipass,скіпаси буковель купити,1,1,1,1,1,1,1,1,1,1,,,,,,,,,,
https://bukovel.com/skipass,тарифи на скіпаси буковель,1,1,1,1,1,1,1,1,1,1,,,,,,,,,,
https://bukovel.com/skipass,ціна скі пас буковель,1,1,1,1,1,1,1,1,1,1,,,,,,,,,,
https://bukovel.com/artek,артек,4,101,6,6,6,8,6,6,7,,,,,,,,,,,
https://bukovel.com/artek,табір артек,1,3,1,1,1,2,2,2,2,,,,,,,,,,,
https://bukovel.com/artek,артек буковель ціна,1,1,1,1,1,1,1,1,1,,,,,,,,,,,
https://bukovel.com/artek,артек табір,1,2,2,2,2,2,2,2,2,,,,,,,,,,,
https://bukovel.com/artek,артек карпати,1,2,1,1,1,1,1,1,1,,,,,,,,,,,
https://bukovel.com/artek,дитячий табір артек,1,4,1,1,1,1,1,1,1,,,,,,,,,,,
https://bukovel.com/artek,артек буковель офіційний сайт,1,1,1,1,1,1,1,1,1,,,,,,,,,,,
https://bukovel.com/artek,artek bukovel,1,1,1,1,1,1,1,1,1,,,,,,,,,,,
https://bukovel.com/artek,табір в буковелі,1,8,1,1,1,1,1,1,1,,,,,,,,,,,
https://bukovel.com/artek,артек табір ціна,1,3,1,2,1,2,2,2,1,,,,,,,,,,,
https://bukovel.com/artek,артек ціна,1,2,2,2,1,2,1,2,1,,,,,,,,,,,
https://bukovel.com/artek,буковель артек ціна,1,2,1,1,1,1,1,1,1,,,,,,,,,,,
https://bukovel.com/artek,карпати артек,1,2,1,1,1,1,1,1,1,,,,,,,,,,,
https://bukovel.com/artek,табір артек ціна,1,3,2,2,2,2,2,2,1,,,,,,,,,,,
https://bukovel.com/artek,дитячий табір артек буковель,1,2,1,1,1,1,1,1,1,,,,,,,,,,,
https://bukovel.com/artek,дитячий табір в буковелі,1,10,1,1,2,2,1,1,1,,,,,,,,,,,
https://bukovel.com/artek,дитячий центр артек,9,62,10,10,10,34,13,11,11,,,,,,,,,,,
https://bukovel.com/artek,табір артек карпати,1,2,1,1,1,1,1,1,1,,,,,,,,,,,
https://bukovel.com/artek,артек карпати ціна,1,2,1,2,2,2,1,1,2,,,,,,,,,,,
https://bukovel.com/artek,літній табір артек,1,2,1,1,1,1,1,1,1,,,,,,,,,,,
https://bukovel.com/artek,табір артек буковель ціна,1,2,1,1,1,1,1,1,1,,,,,,,,,,,
https://bukovel.com/artek,табір у буковелі,1,7,1,1,1,1,1,2,1,,,,,,,,,,,
https://bukovel.com/artek,ціна артек буковель,1,2,1,1,1,1,1,1,1,,,,,,,,,,,
https://bukovel.com/artek,купити путівку в артек,1,7,1,2,4,2,2,2,2,,,,,,,,,,,
https://bukovel.com/artek,артек буковель гірський,1,2,2,2,1,1,1,1,1,,,,,,,,,,,
https://bukovel.com/artek,артек буковель сайт,1,1,1,1,1,1,1,1,1,,,,,,,,,,,
https://bukovel.com/artek,артек буковель табір ціна,1,2,1,1,1,1,1,1,1,,,,,,,,,,,
https://bukovel.com/artek,артек буковель ціна путівки,1,3,1,1,1,1,1,1,1,,,,,,,,,,,
https://bukovel.com/artek,артек гірський,2,4,2,2,2,4,2,2,2,,,,,,,,,,,
https://bukovel.com/artek,артек карпати офіційний сайт,2,3,2,2,2,2,2,3,2,,,,,,,,,,,
https://bukovel.com/artek,буковель табір артек,1,1,1,1,1,1,1,1,1,,,,,,,,,,,
https://bukovel.com/artek,буковель табір для дітей,1,7,1,1,1,1,1,1,1,,,,,,,,,,,
https://bukovel.com/artek,вартість путівки артек буковель,1,3,1,1,1,2,1,2,2,,,,,,,,,,,
https://bukovel.com/artek,купити путівку в артек буковель,1,2,1,1,1,1,1,1,1,,,,,,,,,,,
https://bukovel.com/artek,літній табір артек буковель,1,1,1,1,1,1,1,1,1,,,,,,,,,,,
https://bukovel.com/artek,путівка в артек буковель ціна,1,2,1,1,1,1,2,1,1,,,,,,,,,,,
https://bukovel.com/artek,табір для дітей буковель,1,7,1,1,1,1,1,1,1,,,,,,,,,,,
https://bukovel.com/artek,ціна путівки в табір артек буковель,1,3,1,1,1,1,1,1,1,,,,,,,,,,,
https://glamping.bukovel.com/,глемпінг,101,101,101,101,101,101,36,101,101,,,,,,,,,,,
https://glamping.bukovel.com/,глемпінг карпати,101,11,63,63,40,39,25,31,32,,,,,,,,,,,
https://glamping.bukovel.com/,bukovel glamping,5,6,3,4,12,3,6,3,3,,,,,,,,,,,
https://glamping.bukovel.com/,глемп,101,101,101,101,101,101,101,101,101,,,,,,,,,,,
https://glamping.bukovel.com/,глемпінг буковель,7,9,6,6,12,5,6,5,5,,,,,,,,,,,
https://glamping.bukovel.com/,глемпінг в карпатах,101,17,48,50,66,47,30,40,26,,,,,,,,,,,
https://glamping.bukovel.com/,глемпінги,101,101,101,101,101,101,101,101,101,,,,,,,,,,,
https://glamping.bukovel.com/,глемпінг в україні,101,101,101,101,101,101,101,101,101,,,,,,,,,,,
https://glamping.bukovel.com/,глемпінг карпати ціна,17,20,20,19,21,18,23,23,23,,,,,,,,,,,