keyword,URL,2025-12-03,2025-12-09,2025-12-15,2025-12-16,2025-12-22,2025-12-23,2025-12-30,2026-01-06,2026-01-12,2026-01-13,2026-01-19,2026-01-20,2026-01-27,2026-01-29,2026-02-02,2026-02-03,2026-02-09,2026-02-10,2026-02-17,2026-02-23,2026-02-24
crm система як працювати,https://uspacy.ua/blog/what-is-a-crm-system-explanation-of-the-main-thing-from-uspacy/,-,-,46,50,-,-,-,-,-,-,51,52,50,52,-,-,-,-,-,-,-
українська crm система,https://uspacy.ua/features/crm/,3,4,4,4,4,4,3,3,3,3,3,3,3,3,3,3,3,3,3,2,2
срм системи,https://uspacy.ua/features/crm/,-,-,-,-,-,-,-,-,-,-,-,-,-,46,-,53,-,45,61,45,51
українська crm,https://uspacy.ua/features/crm/,3,2,3,3,3,3,3,3,3,3,3,3,3,3,3,3,3,3,3,2,1
українські crm,https://uspacy.ua/features/crm/,5,5,5,6,5,5,5,4,4,6,6,6,7,6,5,5,6,6,7,5,5
crm системи,https://uspacy.ua/features/crm/,46,-,-,-,-,61,-,-,-,-,40,44,43,33,-,41,42,62,48,71,84
ведення crm,https://uspacy.ua/blog/what-is-a-crm-system-explanation-of-the-main-thing-from-uspacy/,10,11,11,11,14,10,11,17,13,13,13,19,84,-,-,-,-,-,-,-,-
crm для продаж,,-,-,-,-,-,-,-,-,-,-,-,-,-,-,-,-,-,-,-,-,-
crm для товарки,,-,-,-,-,-,-,-,-,-,-,-,-,-,-,-,-,-,-,-,-,-
crm расшифровка,,-,-,-,-,-,-,-,-,-,-,-,-,-,-,-,-,-,-,-,-,-
настройка crm,,-,-,-,-,-,-,-,-,-,-,-,-,-,-,-,-,-,-,-,-,-
crm система для товарного бинеса,,-,-,-,-,-,-,-,-,-,-,-,-,-,-,-,-,-,-,-,-,-
crm система приклад,,-,-,-,-,-,-,-,-,-,-,-,-,-,-,-,-,-,-,-,-,-
сіерем система,https://uspacy.ua/features/crm/,30,37,34,37,30,33,53,29,29,29,26,26,28,35,33,29,30,30,-,33,30
crm для бізнесу,https://uspacy.ua/blog/crm-small-business-luxury-or-necessity-how-put-sales-order/,-,32,60,96,74,78,-,-,-,-,-,-,-,-,-,-,-,-,-,-,-
crm для дропшиппинга,,-,-,-,-,-,-,-,-,-,-,-,-,-,-,-,-,-,-,-,-,-
crm для магазину,,-,-,-,-,-,-,-,-,-,-,-,-,-,-,-,-,-,-,-,-,-
crm для одностраничников,,-,-,-,-,-,-,-,-,-,-,-,-,-,-,-,-,-,-,-,-,-
crm система для маркетплейсов,,-,-,-,-,-,-,-,-,-,-,-,-,-,-,-,-,-,-,-,-,-
українські crm системи,https://uspacy.ua/features/crm/,6,6,5,5,5,7,5,6,4,4,3,5,6,5,5,5,6,5,4,7,51
crm менеджер,,-,-,-,-,-,-,-,-,-,-,-,-,-,-,-,-,-,-,-,-,-
crm wordpress,,-,-,-,-,-,-,-,-,-,-,-,-,-,-,-,-,-,-,-,-,-
crm wp,,-,-,-,-,-,-,-,-,-,-,-,-,-,-,-,-,-,-,-,-,-
crm для інтернет магазину,,-,-,-,-,-,-,-,-,-,-,-,-,-,-,-,-,-,-,-,-,-
crm для юристів,https://uspacy.ua/cases/industries/legalcompany/,51,46,63,24,26,66,69,27,63,64,16,14,18,17,16,25,16,19,62,52,-
crm українська,https://uspacy.ua/features/crm/,3,3,3,3,3,3,3,3,3,3,3,3,3,3,4,4,4,3,4,3,3
лучшие crm системы,,-,-,-,-,-,-,-,-,-,-,-,-,-,-,-,-,-,-,-,-,-
програма crm,,-,-,-,-,-,-,-,-,-,-,-,-,-,-,-,-,-,-,-,-,-
українські срм системи,https://uspacy.ua/features/crm/,7,7,7,7,8,7,9,9,8,8,8,8,8,8,13,9,9,13,10,9,8
crm marketing,,-,-,-,-,-,-,-,-,-,-,-,-,-,-,-,-,-,-,-,-,-
crm online,,-,-,-,-,-,-,-,-,-,-,-,-,-,-,-,-,-,-,-,-,-
crm platform,,-,-,-,-,-,-,-,-,-,-,-,-,-,-,-,-,-,-,-,-,-
crm для виробництва,,-,-,-,-,-,-,-,-,-,-,-,-,-,-,-,-,-,-,-,-,-
crm для малого бізнесу,https://uspacy.ua/blog/crm-dlya-malogo-biznesu-vs-enterprise-chomu-sproba-kupiti-sistemu-na-virist-mozhe-vbiti-prodazhi/,-,-,54,62,62,62,-,80,44,81,-,-,-,-,-,-,-,-,-,-,-
crm для новичка,,-,-,-,-,-,-,-,-,-,-,-,-,-,-,-,-,-,-,-,-,-
crm для продажів,,-,-,-,-,-,-,-,-,-,-,-,-,-,-,-,-,-,-,-,-,-
crm для сто,,-,-,-,-,-,-,-,-,-,-,-,-,-,-,-,-,-,-,-,-,-
crm нова пошта,,-,-,-,-,-,-,-,-,-,-,-,-,-,-,-,-,-,-,-,-,-
crm система для інтернет магазинів,,-,-,-,-,-,-,-,-,-,-,-,-,-,-,-,-,-,-,-,-,-
crm система для отдела продаж,,-,-,-,-,-,-,-,-,-,-,-,-,-,-,-,-,-,-,-,-,-
crm система навчання,https://uspacy.ua/blog/what-is-a-crm-system-explanation-of-the-main-thing-from-uspacy/,-,-,-,-,-,-,-,-,-,-,-,-,-,59,-,-,-,-,-,-,-
crm система приклади,,-,-,-,-,-,-,-,-,-,-,-,-,-,-,-,-,-,-,-,-,-
crm системи в україні,https://uspacy.ua/features/crm/,8,8,9,9,11,9,9,24,27,27,16,16,16,8,28,33,29,29,33,7,7
впровадити crm,https://uspacy.ua/blog/what-is-a-crm-system-explanation-of-the-main-thing-from-uspacy/,-,-,-,-,-,-,31,34,33,31,29,30,31,-,18,-,-,-,-,-,-
выбор crm,,-,-,-,-,-,-,-,-,-,-,-,-,-,-,-,-,-,-,-,-,-
выбрать crm систему,,-,-,-,-,-,-,-,-,-,-,-,-,-,-,-,-,-,-,-,-,-
когда подключать crm систему,,-,-,-,-,-,-,-,-,-,-,-,-,-,-,-,-,-,-,-,-,-
мегаплант,,-,-,-,-,-,-,-,-,-,-,-,-,-,-,-,-,-,-,-,-,-
навіщо потрібна crm,https://uspacy.ua/blog/what-crm-system-overview-functions-and-main-advantages-implementation/,-,10,9,10,-,-,-,-,-,-,-,-,-,-,-,-,-,-,-,-,-
настройка crm системы,,-,-,-,-,-,-,-,-,-,-,-,-,-,-,-,-,-,-,-,-,-
обзор crm,,-,-,-,-,-,-,-,-,-,-,-,-,-,-,-,-,-,-,-,-,-
обзор crm систем,,-,-,-,-,-,-,-,-,-,-,-,-,-,-,-,-,-,-,-,-,-
crm wiki,,-,-,-,-,-,-,-,-,-,-,-,-,-,-,-,-,-,-,-,-,-
crm для b2b,https://uspacy.ua/blog/crm-dlya-b2b-yak-keruvati-ugodami-sho-trivayut-misyacyami-i-ne-vtrachati-kontrol/,-,-,-,-,-,-,-,9,9,9,-,-,-,-,-,-,-,-,-,-,-
crm для послуг,https://uspacy.ua/features/crm/,-,48,46,47,-,-,-,-,-,-,-,-,79,82,73,54,61,86,-,81,74
crm для товарного бізнесу,,-,-,-,-,-,-,-,-,-,-,-,-,-,-,-,-,-,-,-,-,-
crm лид форма,https://uspacy.ua/blog/lead-management-crm-complete-guide-cold-applications-closing-deal/,-,-,-,-,10,17,-,-,-,-,-,-,-,-,-,-,-,-,-,-,-
crm розшифровка,,-,-,-,-,-,-,-,-,-,-,-,-,-,-,-,-,-,-,-,-,-
crm система для бізнесу,,-,-,-,-,-,-,-,-,-,-,-,-,-,-,-,-,-,-,-,-,-
crm система для оптових та роздрібних продажів,,-,-,-,-,-,-,-,-,-,-,-,-,-,-,-,-,-,-,-,-,-
crm система обучение,,-,-,-,-,-,-,-,-,-,-,-,-,-,-,-,-,-,-,-,-,-
crm системи які є,,-,-,-,-,-,-,-,-,-,-,-,-,-,-,-,-,-,-,-,-,-
автоматизация crm,https://uspacy.ua/blog/how-to-properly-optimize-the-crm-management-process/,-,24,-,-,-,-,-,-,-,-,27,27,-,-,-,-,-,-,-,-,-
автоматизація crm,https://uspacy.ua/features/,-,-,-,29,-,-,33,7,8,9,-,-,-,-,13,94,30,30,55,-,-
автоматизація бізнесу crm,,-,-,-,-,-,-,-,-,-,-,-,-,-,-,-,-,-,-,-,-,-
анализ в crm,,-,-,-,-,-,-,-,-,-,-,-,-,-,-,-,-,-,-,-,-,-
безкоштовна crm система,https://uspacy.ua/features/crm/,-,61,58,55,-,-,-,-,62,64,-,-,-,61,58,76,56,-,58,65,56
возможности crm,,-,-,-,-,-,-,-,-,-,-,-,-,-,-,-,-,-,-,-,-,-
воровство в crm,https://uspacy.ua/blog/why-crm-implementation-fails-5-main-mistakes-and-how-avoid-them/,-,-,-,-,83,86,-,-,-,-,-,-,-,-,-,-,-,-,-,-,-
воронка продажів в crm,https://uspacy.ua/blog/crm-dlya-b2b-yak-keruvati-ugodami-sho-trivayut-misyacyami-i-ne-vtrachati-kontrol/,-,36,-,-,3,4,-,90,80,23,-,-,-,-,-,-,-,-,-,-,-
захист від крадіжок в crm,,-,-,-,-,-,-,-,-,-,-,-,-,-,-,-,-,-,-,-,-,-
захист замовлень crm,https://uspacy.ua/blog/crm-small-business-luxury-or-necessity-how-put-sales-order/,-,-,-,-,25,26,-,-,-,-,-,-,-,-,-,-,-,-,-,-,-
интеграция сайта crm,,-,-,-,-,-,-,-,-,-,-,-,-,-,-,-,-,-,-,-,-,-
налаштування crm,https://uspacy.ua/blog/how-to-properly-optimize-the-crm-management-process/,-,80,92,95,-,95,53,-,-,-,-,-,-,-,-,-,-,-,-,-,-
налаштування користувача crm,https://uspacy.ua/blog/how-to-properly-optimize-the-crm-management-process/,-,-,-,-,-,-,76,-,-,-,12,71,-,-,-,-,-,-,-,-,-
налаштувати права доступу в crm,https://uspacy.ua/blog/beauty-salon-automation-online-recording-and-reminders-fill-schedule-100/,-,-,-,-,65,29,78,-,-,-,74,42,44,75,86,70,-,-,-,-,-
настроить права доступа в crm,,-,-,-,-,-,-,-,-,-,-,-,-,-,-,-,-,-,-,-,-,-
підключення лендінгів до crm,,-,-,-,-,-,-,-,-,-,-,-,-,-,-,-,-,-,-,-,-,-
права доступа в crm,,-,-,-,-,-,-,-,-,-,-,-,-,-,-,-,-,-,-,-,-,-
программа crm,,-,-,-,-,-,-,-,-,-,-,-,-,-,-,-,-,-,-,-,-,-
прро в crm системе,https://uspacy.ua/blog/integration-prro-crm-how-automate-fiscalization-using-example-checkbox-and-vchasno/,4,4,82,3,3,4,2,3,3,3,2,-,2,2,3,3,3,4,4,5,4
робота з crm системою,,-,-,-,-,-,-,-,-,-,-,-,-,-,-,-,-,-,-,-,-,-
склад в crm,https://uspacy.ua/features/crm/,-,-,-,31,28,27,29,-,32,31,29,29,41,31,-,-,-,-,-,-,-
crm mobile,https://uspacy.ua/features/crm/,-,-,91,-,-,-,-,-,-,-,85,-,-,-,-,-,-,-,-,-,-
crm program,,-,-,-,-,-,-,-,-,-,-,-,-,-,-,-,-,-,-,-,-,-
crm saas,https://uspacy.ua/features/crm/,-,-,-,-,-,-,-,-,-,80,-,-,-,80,-,98,-,98,-,-,-
crm для автосервиса,,-,-,-,-,-,-,-,-,-,-,-,-,-,-,-,-,-,-,-,-,-
crm для нерухомості,https://uspacy.ua/cases/industries/agencies/,20,20,25,18,15,15,16,17,18,18,18,19,17,26,24,17,17,17,15,20,18
crm єто,,-,-,-,-,-,-,-,-,-,-,-,-,-,-,-,-,-,-,-,-,-
crm маркетинг,,-,-,-,-,-,-,-,-,-,-,-,-,-,-,-,-,-,-,-,-,-
crm програми,,-,-,-,-,-,-,-,-,-,-,-,-,-,-,-,-,-,-,-,-,-
crm система для продаж,,-,-,-,-,-,-,-,-,-,-,-,-,-,-,-,-,-,-,-,-,-
crm системи приклади,,-,-,-,-,-,-,-,-,-,-,-,-,-,-,-,-,-,-,-,-,-
crm українські,https://uspacy.ua/features/crm/,4,5,5,5,5,5,5,4,4,6,5,5,6,4,5,5,5,5,6,5,5
безкоштовна crm,,-,-,-,-,-,-,-,-,-,-,-,-,-,-,-,-,-,-,-,-,-
безкоштовні crm системи,,-,-,-,-,-,-,-,-,-,-,-,-,-,-,-,-,-,-,-,-,-
впровадження crm,https://uspacy.ua/blog/what-is-a-crm-system-explanation-of-the-main-thing-from-uspacy/,-,57,32,51,86,19,85,-,94,92,-,-,40,-,-,-,-,-,-,-,-
робота в crm,,-,-,-,-,-,-,-,-,-,-,-,-,-,-,-,-,-,-,-,-,-
робота в crm системі,https://uspacy.ua/,56,41,60,68,66,67,61,-,66,68,63,67,47,82,84,72,54,-,-,76,72
системи crm,https://uspacy.ua/features/crm/,33,92,76,79,94,96,66,71,66,65,64,71,64,85,-,93,79,79,84,-,-
топ crm систем,,-,-,-,-,-,-,-,-,-,-,-,-,-,-,-,-,-,-,-,-,-
crm mail,,-,-,-,-,-,-,-,-,-,-,-,-,-,-,-,-,-,-,-,-,-
crm migration,,-,-,-,-,-,-,-,-,-,-,-,-,-,-,-,-,-,-,-,-,-
crm mobil,https://uspacy.ua/,-,-,-,-,-,-,-,-,-,-,30,61,-,-,53,-,-,-,-,-,-
crm no code,https://uspacy.ua/features/nocode/,-,-,-,-,2,2,-,38,42,42,40,36,7,7,-,-,-,-,-,-,51
crm olx,,-,-,-,-,-,-,-,-,-,-,-,-,-,-,-,-,-,-,-,-,-
crm opencart,,-,-,-,-,-,-,-,-,-,-,-,-,-,-,-,-,-,-,-,-,-
crm prestashop,,-,-,-,-,-,-,-,-,-,-,-,-,-,-,-,-,-,-,-,-,-
crm programm,,-,-,-,-,-,-,-,-,-,-,-,-,-,-,-,-,-,-,-,-,-
crm project,,-,-,-,-,-,-,-,-,-,-,-,-,-,-,-,-,-,-,-,-,-
crm ukraine,https://uspacy.ua/features/crm/,7,14,6,6,8,7,7,7,7,7,9,17,17,16,18,12,17,10,14,15,22
crm web,,-,-,-,-,-,-,-,-,-,-,-,-,-,-,-,-,-,-,-,-,-
crm webinar,,-,-,-,-,-,-,-,-,-,-,-,-,-,-,-,-,-,-,-,-,-
crm website,,-,-,-,-,-,-,-,-,-,-,-,-,-,-,-,-,-,-,-,-,-
crm woocommerce,,-,-,-,-,-,-,-,-,-,-,-,-,-,-,-,-,-,-,-,-,-
crm workflow,,-,-,-,-,-,-,-,-,-,-,-,-,-,-,-,-,-,-,-,-,-
crm аббревиатура,,-,-,-,-,-,-,-,-,-,-,-,-,-,-,-,-,-,-,-,-,-
crm акции,,-,-,-,-,-,-,-,-,-,-,-,-,-,-,-,-,-,-,-,-,-
crm для instagram,https://uspacy.ua/features/crm/,-,-,-,-,-,-,30,-,39,-,-,-,-,-,-,40,39,38,-,-,-
crm для seo,,-,-,-,-,-,-,-,-,-,-,-,-,-,-,-,-,-,-,-,-,-
crm для автомойки,,-,-,-,-,-,-,-,-,-,-,-,-,-,-,-,-,-,-,-,-,-
crm для агентства недвижимости,,-,-,-,-,-,-,-,-,-,-,-,-,-,-,-,-,-,-,-,-,-
crm для адвоката,,-,-,-,-,-,-,-,-,-,-,-,-,-,-,-,-,-,-,-,-,-
crm для арбитража трафика,,-,-,-,-,-,-,-,-,-,-,-,-,-,-,-,-,-,-,-,-,-
crm для барбершопа,,-,-,-,-,-,-,-,-,-,-,-,-,-,-,-,-,-,-,-,-,-
crm для бухгалтера,,-,-,-,-,-,-,-,-,-,-,-,-,-,-,-,-,-,-,-,-,-
crm для готелів,https://uspacy.ua/cases/industries/hotels/,7,9,8,8,9,9,10,10,11,11,11,11,11,12,12,12,15,11,10,15,15
crm для друкарень,,-,-,-,-,-,-,-,-,-,-,-,-,-,-,-,-,-,-,-,-,-
crm для запису клієнтів,https://uspacy.ua/blog/beauty-salon-automation-online-recording-and-reminders-fill-schedule-100/,-,-,-,-,-,-,20,-,21,20,15,15,21,12,20,13,28,28,55,74,-
crm для інстаграму,https://uspacy.ua/blog/crm-instagram-how-stop-losing-orders-direkta-and-increase-sales/,-,-,-,-,-,-,78,71,-,-,-,-,-,-,-,-,-,-,-,-,-
crm для кафе,https://uspacy.ua/comparison/kommo/,94,82,92,97,91,80,-,-,-,-,-,-,-,-,-,99,-,-,-,-,-
crm для клиники,,-,-,-,-,-,-,-,-,-,-,-,-,-,-,-,-,-,-,-,-,-
crm для колл центра,,-,-,-,-,-,-,-,-,-,-,-,-,-,-,-,-,-,-,-,-,-
crm для косметолога,,-,-,-,-,-,-,-,-,-,-,-,-,-,-,-,-,-,-,-,-,-
crm для косметологии,,-,-,-,-,-,-,-,-,-,-,-,-,-,-,-,-,-,-,-,-,-
crm для логістики,https://uspacy.ua/blog/crm-logistics-and-freight-transportation-how-put-applications-and-fleet-order/,86,82,15,10,34,34,-,-,-,-,-,-,-,-,-,-,-,-,-,-,-
crm для магазина одежды,,-,-,-,-,-,-,-,-,-,-,-,-,-,-,-,-,-,-,-,-,-
crm для навчальних закладів,https://uspacy.ua/cases/industries/educational/,13,13,7,6,15,16,18,17,18,17,15,15,16,16,13,14,21,19,17,13,17
crm для производства,,-,-,-,-,-,-,-,-,-,-,-,-,-,-,-,-,-,-,-,-,-
crm для психолога,,-,-,-,-,-,-,-,-,-,-,-,-,-,-,-,-,-,-,-,-,-
crm для репетитора,,-,-,-,-,-,-,-,-,-,-,-,-,-,-,-,-,-,-,-,-,-
crm для ресторанов,,-,-,-,-,-,-,-,-,-,-,-,-,-,-,-,-,-,-,-,-,-
crm для розничной торговли,,-,-,-,-,-,-,-,-,-,-,-,-,-,-,-,-,-,-,-,-,-
crm для стоматологии,,-,-,-,-,-,-,-,-,-,-,-,-,-,-,-,-,-,-,-,-,-
crm для стоматології,https://uspacy.ua/cases/industries/dentistry/,50,52,-,-,-,-,-,-,-,-,-,-,-,-,-,-,-,-,-,-,-
crm для строительной компании,,-,-,-,-,-,-,-,-,-,-,-,-,-,-,-,-,-,-,-,-,-
crm для телеграм,,-,-,-,-,-,-,-,-,-,-,-,-,-,-,-,-,-,-,-,-,-
crm для торговли,,-,-,-,-,-,-,-,-,-,-,-,-,-,-,-,-,-,-,-,-,-
crm для тренажерного зала,,-,-,-,-,-,-,-,-,-,-,-,-,-,-,-,-,-,-,-,-,-
crm для тренера,,-,-,-,-,-,-,-,-,-,-,-,-,-,-,-,-,-,-,-,-,-
crm для фітнес клубу,,-,-,-,-,-,-,-,-,-,-,-,-,-,-,-,-,-,-,-,-,-
crm для фотостудии,,-,-,-,-,-,-,-,-,-,-,-,-,-,-,-,-,-,-,-,-,-
crm для хостела,,-,-,-,-,-,-,-,-,-,-,-,-,-,-,-,-,-,-,-,-,-
crm маркетолог,,-,-,-,-,-,-,-,-,-,-,-,-,-,-,-,-,-,-,-,-,-
crm менеджер вакансии,,-,-,-,-,-,-,-,-,-,-,-,-,-,-,-,-,-,-,-,-,-
crm менеджер зарплата,,-,-,-,-,-,-,-,-,-,-,-,-,-,-,-,-,-,-,-,-,-
crm онлайн,,-,-,-,-,-,-,-,-,-,-,-,-,-,-,-,-,-,-,-,-,-
crm отдел продаж,,-,-,-,-,-,-,-,-,-,-,-,-,-,-,-,-,-,-,-,-,-
crm перевод,,-,-,-,-,-,-,-,-,-,-,-,-,-,-,-,-,-,-,-,-,-
crm платформа,https://uspacy.ua/features/crm/,17,20,24,19,20,21,20,13,14,15,11,13,11,12,12,11,11,10,28,26,17
crm рішення,https://uspacy.ua/blog/what-is-a-crm-system-explanation-of-the-main-thing-from-uspacy/,-,-,66,91,-,-,97,-,-,92,92,93,-,-,-,-,-,-,-,-,-
crm сайт,https://uspacy.ua/,-,-,-,38,9,9,10,14,8,10,9,11,9,9,7,7,-,-,-,-,18
crm система вікіпедія,https://uspacy.ua/blog/what-is-a-crm-system-explanation-of-the-main-thing-from-uspacy/,-,-,-,-,-,-,30,28,34,35,36,-,30,-,-,-,-,-,-,-,-
crm система віртуального офісу,,-,-,-,-,-,-,-,-,-,-,-,-,-,-,-,-,-,-,-,-,-
crm система для інтернет магазину,,-,-,-,-,-,-,-,-,-,-,-,-,-,-,-,-,-,-,-,-,-
crm система для ресторана,,-,-,-,-,-,-,-,-,-,-,-,-,-,-,-,-,-,-,-,-,-
crm система для сто,,-,-,-,-,-,-,-,-,-,-,-,-,-,-,-,-,-,-,-,-,-
crm система на телефон,,-,-,-,-,-,-,-,-,-,-,-,-,-,-,-,-,-,-,-,-,-
crm система расшифровка,,-,-,-,-,-,-,-,-,-,-,-,-,-,-,-,-,-,-,-,-,-
crm система цена украина,,-,-,-,-,-,-,-,-,-,-,-,-,-,-,-,-,-,-,-,-,-
crm система ціна,https://uspacy.ua/prices/,-,-,90,96,-,-,-,-,59,-,-,-,-,-,-,91,-,-,55,-,-
crm система які є,https://uspacy.ua/features/crm/,-,-,-,-,-,-,-,-,-,-,-,-,-,38,-,37,48,33,38,46,36
crm системи мають три рівні,https://uspacy.ua/blog/what-crm-system-overview-functions-and-main-advantages-implementation/,-,-,77,-,-,-,-,-,-,-,-,-,-,-,-,-,-,-,-,-,-
crm системы список,,-,-,-,-,-,-,-,-,-,-,-,-,-,-,-,-,-,-,-,-,-
crm специалист,,-,-,-,-,-,-,-,-,-,-,-,-,-,-,-,-,-,-,-,-,-
crm таблица,,-,-,-,-,-,-,-,-,-,-,-,-,-,-,-,-,-,-,-,-,-
crm технології,https://uspacy.ua/blog/what-is-a-crm-system-explanation-of-the-main-thing-from-uspacy/,-,-,-,-,-,-,17,17,20,20,11,15,13,-,-,-,-,-,-,-,-
crm топ,,-,-,-,-,-,-,-,-,-,-,-,-,-,-,-,-,-,-,-,-,-
безкоштовний crm сайт,https://uspacy.ua/,15,13,13,13,13,13,15,14,16,18,84,87,24,-,74,20,83,22,-,81,81
безкоштовні crm,https://uspacy.ua/,-,29,-,-,-,-,-,-,-,-,-,-,-,-,-,-,16,-,-,-,-
ведение crm,,-,-,-,-,-,-,-,-,-,-,-,-,-,-,-,-,-,-,-,-,-
ведення crm системи,https://uspacy.ua/blog/what-is-a-crm-system-explanation-of-the-main-thing-from-uspacy/,7,8,9,9,7,7,8,11,9,9,11,11,-,-,-,-,-,-,-,-,-
виды crm систем,,-,-,-,-,-,-,-,-,-,-,-,-,-,-,-,-,-,-,-,-,-
впровадження crm системи,https://uspacy.ua/blog/what-is-a-crm-system-explanation-of-the-main-thing-from-uspacy/,-,60,58,54,-,97,61,58,65,65,79,65,64,-,74,-,-,-,-,-,-
дизайн crm системы,,-,-,-,-,-,-,-,-,-,-,-,-,-,-,-,-,-,-,-,-,-
інструменти crm в системі дистрибуцією послуг,,-,-,-,-,-,-,-,-,-,-,-,-,-,-,-,-,-,-,-,-,-
курсы crm,,-,-,-,-,-,-,-,-,-,-,-,-,-,-,-,-,-,-,-,-,-
рейтинг crm,,-,-,-,-,-,-,-,-,-,-,-,-,-,-,-,-,-,-,-,-,-
робота з crm,https://uspacy.ua/,-,81,26,28,34,34,31,25,31,32,27,34,24,30,61,68,61,27,-,62,59
розробка crm,,-,-,-,-,-,-,-,-,-,-,-,-,-,-,-,-,-,-,-,-,-
розробка crm системи,,-,-,-,-,-,-,-,-,-,-,-,-,-,-,-,-,-,-,-,-,-
создание crm системы,,-,-,-,-,-,-,-,-,-,-,-,-,-,-,-,-,-,-,-,-,-
срм для навчальних закладів,https://uspacy.ua/cases/industries/educational/,13,13,6,5,16,16,17,17,17,17,16,16,16,-,14,15,14,14,25,15,15
топ crm систем 2024,,-,-,-,-,-,-,-,-,-,-,-,-,-,-,-,-,-,-,-,-,-
црм системи,https://uspacy.ua/features/crm/,38,34,36,37,61,37,41,41,39,40,21,24,21,28,24,25,45,21,35,-,41
crm система це,https://uspacy.ua/features/crm/,54,42,23,25,-,-,37,40,36,37,41,32,47,51,-,76,62,66,73,67,66
crm це,https://uspacy.ua/blog/what-is-a-crm-system-explanation-of-the-main-thing-from-uspacy/,-,74,64,43,-,-,25,27,26,27,25,25,15,-,-,-,-,-,-,-,-
що таке crm система,https://uspacy.ua/blog/what-is-a-crm-system-explanation-of-the-main-thing-from-uspacy/,-,29,16,16,-,-,14,17,19,19,25,19,17,29,-,-,-,-,-,-,-
ведення crm це,https://uspacy.ua/blog/what-is-a-crm-system-explanation-of-the-main-thing-from-uspacy/,22,21,23,23,23,21,22,22,22,22,21,20,55,-,-,-,-,-,-,-,-
crm що це,https://uspacy.ua/blog/what-is-a-crm-system-explanation-of-the-main-thing-from-uspacy/,-,40,29,26,-,-,53,24,54,55,53,35,56,-,-,-,-,-,-,-,-
що таке crm,https://uspacy.ua/blog/what-is-a-crm-system-explanation-of-the-main-thing-from-uspacy/,-,17,28,18,-,-,16,17,18,18,16,17,18,18,15,-,-,-,-,-,-
crm системи це,https://uspacy.ua/blog/what-is-a-crm-system-explanation-of-the-main-thing-from-uspacy/,-,63,57,55,-,-,47,18,19,20,48,49,49,-,-,-,-,-,-,-,-
crm система що це,https://uspacy.ua/blog/what-is-a-crm-system-explanation-of-the-main-thing-from-uspacy/,66,48,28,27,-,-,38,30,40,41,41,39,41,-,-,-,-,-,-,-,-
програма crm що це,,-,-,-,-,-,-,-,-,-,-,-,-,-,-,-,-,-,-,-,-,-
crm менеджер це,https://uspacy.ua/blog/what-is-a-crm-system-explanation-of-the-main-thing-from-uspacy/,-,-,-,-,-,-,-,-,32,-,-,-,-,-,-,-,-,-,-,-,-
crm система це що таке,https://uspacy.ua/features/crm/,77,30,18,17,93,43,17,18,16,17,15,30,15,30,28,-,74,71,-,-,-
ведення crm що це,https://uspacy.ua/blog/what-is-a-crm-system-explanation-of-the-main-thing-from-uspacy/,21,26,25,27,24,26,23,22,21,20,20,20,81,-,-,-,-,-,-,-,-
crm що це таке,https://uspacy.ua/blog/what-is-a-crm-system-explanation-of-the-main-thing-from-uspacy/,-,22,19,21,-,-,19,19,19,18,18,17,16,-,-,-,-,-,-,-,-
що таке crm програма,https://uspacy.ua/blog/what-is-a-crm-system-explanation-of-the-main-thing-from-uspacy/,-,-,68,73,-,-,-,82,-,-,89,71,87,-,-,-,-,-,-,-,-
що таке crm системи,https://uspacy.ua/blog/what-is-a-crm-system-explanation-of-the-main-thing-from-uspacy/,-,16,14,14,-,-,14,14,16,16,15,15,17,-,-,-,-,-,-,-,-
crm system це,https://uspacy.ua/blog/what-is-a-crm-system-explanation-of-the-main-thing-from-uspacy/,-,10,11,11,-,-,12,12,12,12,11,12,11,-,-,-,-,-,-,-,-
crm системи що це,https://uspacy.ua/blog/what-is-a-crm-system-explanation-of-the-main-thing-from-uspacy/,-,50,16,18,-,-,45,42,46,46,45,47,48,-,-,-,-,-,-,-,-
що таке ведення crm,https://uspacy.ua/blog/what-is-a-crm-system-explanation-of-the-main-thing-from-uspacy/,44,44,48,50,48,48,46,50,52,51,53,55,54,-,-,-,-,-,-,-,-
crm система це простими словами,https://uspacy.ua/blog/what-is-a-crm-system-explanation-of-the-main-thing-from-uspacy/,-,47,-,56,-,-,35,38,39,38,38,37,38,-,-,-,-,-,-,-,-
робота в crm це,https://uspacy.ua/blog/what-is-a-crm-system-explanation-of-the-main-thing-from-uspacy/,-,47,37,37,-,-,-,-,-,-,23,27,20,-,-,-,-,-,-,-,-
crm програма це,,-,-,-,-,-,-,-,-,-,-,-,-,-,-,-,-,-,-,-,-,-
що є рушійною силою торгівлі,,-,-,-,-,-,-,-,-,-,-,-,-,-,-,-,-,-,-,-,-,-
що таке кол центр,,-,-,-,-,-,-,-,-,-,-,-,-,-,-,-,-,-,-,-,-,-
що таке готель,,-,-,-,-,-,-,-,-,-,-,-,-,-,-,-,-,-,-,-,-,-
що таке бітрікс,https://uspacy.ua/comparison/bitrix24/,14,18,12,11,9,9,8,9,8,9,10,9,8,9,22,17,-,16,29,-,-
що таке застосунок,,-,-,-,-,-,-,-,-,-,-,-,-,-,-,-,-,-,-,-,-,-
що таке канал комунікації,https://uspacy.ua/features/communication-hub/,-,-,-,-,-,-,-,-,-,-,-,-,-,24,-,-,-,-,-,-,-
програмне забезпечення як послуга,,-,-,-,-,-,-,-,-,-,-,-,-,-,-,-,-,-,-,-,-,-
програмне забезпечення як послуга saas,,-,-,-,-,-,-,-,-,-,-,-,-,-,-,-,-,-,-,-,-,-
crm система як працювати,https://uspacy.ua/blog/what-is-a-crm-system-explanation-of-the-main-thing-from-uspacy/,-,55,34,50,-,-,-,-,-,-,51,52,50,-,-,-,-,-,-,-,-
як обрати crm,,-,-,-,-,-,-,-,-,-,-,-,-,-,-,-,-,-,-,-,-,-
як вибрати crm,https://uspacy.ua/blog/crm-small-business-luxury-or-necessity-how-put-sales-order/,-,46,38,-,-,-,-,-,-,-,-,-,-,-,-,-,-,-,-,-,-
crm-система що це,https://uspacy.ua/blog/what-is-a-crm-system-explanation-of-the-main-thing-from-uspacy/,27,53,47,34,-,-,29,28,29,30,49,49,-,-,-,-,-,-,-,-,-
что такое crm система простыми словами,,-,-,-,-,-,-,-,-,-,-,-,-,-,-,-,-,-,-,-,-,-
crm система що це таке,https://uspacy.ua/features/crm/,-,16,17,17,-,-,14,17,17,18,19,18,17,82,-,-,-,-,-,-,-
система crm що це,https://uspacy.ua/features/crm/,-,42,24,48,-,-,38,41,35,36,40,31,41,-,-,-,80,79,-,-,-
що таке crm система в україні,https://uspacy.ua/features/crm/,34,16,16,16,76,73,21,21,24,31,32,27,28,72,35,36,32,32,62,71,62
crm система как выглядит,,-,-,-,-,-,-,-,-,-,-,-,-,-,-,-,-,-,-,-,-,-
crm це що,https://uspacy.ua/features/crm/,-,61,69,64,-,-,19,20,20,20,21,21,20,51,-,-,-,-,-,-,-
що таке crm простими словами,https://uspacy.ua/blog/,42,69,24,23,30,37,40,32,47,48,38,39,53,-,-,-,-,-,-,80,85
lp crm що це,,-,-,-,-,-,-,-,-,-,-,-,-,-,-,-,-,-,-,-,-,-
навіщо потрібна crm,https://uspacy.ua/blog/what-crm-system-overview-functions-and-main-advantages-implementation/,-,10,10,10,-,-,-,-,-,-,-,-,-,-,-,-,-,-,-,-,-
crm для автомойки,,-,-,-,-,-,-,-,-,-,-,-,-,-,-,-,-,-,-,-,-,-
crm для автосервиса,,-,-,-,-,-,-,-,-,-,-,-,-,-,-,-,-,-,-,-,-,-
crm для агентства недвижимости,,-,-,-,-,-,-,-,-,-,-,-,-,-,-,-,-,-,-,-,-,-
crm для адвоката,,-,-,-,-,-,-,-,-,-,-,-,-,-,-,-,-,-,-,-,-,-
crm для арбитража трафика,,-,-,-,-,-,-,-,-,-,-,-,-,-,-,-,-,-,-,-,-,-
crm для барбершопа,,-,-,-,-,-,-,-,-,-,-,-,-,-,-,-,-,-,-,-,-,-
crm для бізнесу,https://uspacy.ua/blog/crm-small-business-luxury-or-necessity-how-put-sales-order/,-,-,95,63,71,76,-,-,-,-,-,-,-,-,-,-,-,-,-,-,-
crm для бухгалтера,,-,-,-,-,-,-,-,-,-,-,-,-,-,-,-,-,-,-,-,-,-
crm для виробництва,,-,-,-,-,-,-,-,-,-,-,-,-,-,-,-,-,-,-,-,-,-
crm для готелів,https://uspacy.ua/cases/industries/hotels/,7,8,9,8,9,9,10,10,11,11,11,11,13,15,12,15,11,11,10,15,18
crm для дропшиппинга,,-,-,-,-,-,-,-,-,-,-,-,-,-,-,-,-,-,-,-,-,-
crm для друкарень,,-,-,-,-,-,-,-,-,-,-,-,-,-,-,-,-,-,-,-,-,-
crm для запису клієнтів,https://uspacy.ua/blog/beauty-salon-automation-online-recording-and-reminders-fill-schedule-100/,-,-,-,-,-,-,19,21,-,-,15,15,19,12,19,19,28,18,13,74,36
crm для інстаграму,https://uspacy.ua/blog/crm-instagram-how-stop-losing-orders-direkta-and-increase-sales/,-,-,-,-,-,-,71,71,-,-,-,-,-,-,-,-,-,-,-,-,-
crm для інтернет магазину,,-,-,-,-,-,-,-,-,-,-,-,-,-,-,-,-,-,-,-,-,-
crm для кафе,https://uspacy.ua/comparison/kommo/,96,92,94,95,92,90,-,-,-,-,-,-,-,-,-,98,-,-,-,-,-
crm для клиники,,-,-,-,-,-,-,-,-,-,-,-,-,-,-,-,-,-,-,-,-,-
crm для колл центра,,-,-,-,-,-,-,-,-,-,-,-,-,-,-,-,-,-,-,-,-,-
crm для косметолога,,-,-,-,-,-,-,-,-,-,-,-,-,-,-,-,-,-,-,-,-,-
crm для косметологии,,-,-,-,-,-,-,-,-,-,-,-,-,-,-,-,-,-,-,-,-,-
crm для логістики,https://uspacy.ua/blog/crm-logistics-and-freight-transportation-how-put-applications-and-fleet-order/,88,86,10,11,33,34,-,-,-,-,-,-,-,-,-,-,-,-,-,-,-
crm для магазина одежды,,-,-,-,-,-,-,-,-,-,-,-,-,-,-,-,-,-,-,-,-,-
crm для магазину,,-,-,-,-,-,-,-,-,-,-,-,-,-,-,-,-,-,-,-,-,-
crm для малого бізнесу,https://uspacy.ua/blog/crm-dlya-malogo-biznesu-vs-enterprise-chomu-sproba-kupiti-sistemu-na-virist-mozhe-vbiti-prodazhi/,-,-,55,59,61,54,-,80,79,81,-,-,-,-,-,-,-,-,-,-,-
crm для навчальних закладів,https://uspacy.ua/cases/industries/educational/,13,13,7,6,15,15,21,18,18,17,15,15,21,16,14,14,16,15,17,12,17
crm для нерухомості,https://uspacy.ua/cases/industries/agencies/,20,20,20,17,15,15,16,17,18,16,18,18,24,25,17,17,17,16,17,17,18
crm для новичка,,-,-,-,-,-,-,-,-,-,-,-,-,-,-,-,-,-,-,-,-,-
crm для одностраничников,,-,-,-,-,-,-,-,-,-,-,-,-,-,-,-,-,-,-,-,-,-
crm для послуг,https://uspacy.ua/features/crm/,-,-,46,47,-,-,-,-,-,-,-,-,95,-,72,89,70,81,-,81,81
crm для продаж,,-,-,-,-,-,-,-,-,-,-,-,-,-,-,-,-,-,-,-,-,-
crm для продажів,,-,-,-,-,-,-,-,-,-,-,-,-,-,-,-,-,-,-,-,-,-
crm для производства,,-,-,-,-,-,-,-,-,-,-,-,-,-,-,-,-,-,-,-,-,-
crm для психолога,,-,-,-,-,-,-,-,-,-,-,-,-,-,-,-,-,-,-,-,-,-
crm для репетитора,,-,-,-,-,-,-,-,-,-,-,-,-,-,-,-,-,-,-,-,-,-
crm для ресторанов,,-,-,-,-,-,-,-,-,-,-,-,-,-,-,-,-,-,-,-,-,-
crm для розничной торговли,,-,-,-,-,-,-,-,-,-,-,-,-,-,-,-,-,-,-,-,-,-
crm для сто,,-,-,-,-,-,-,-,-,-,-,-,-,-,-,-,-,-,-,-,-,-
crm для стоматологии,,-,-,-,-,-,-,-,-,-,-,-,-,-,-,-,-,-,-,-,-,-
crm для стоматології,https://uspacy.ua/cases/industries/dentistry/,50,51,-,-,-,-,-,-,-,-,-,-,-,-,-,-,-,-,-,-,-
crm для строительной компании,,-,-,-,-,-,-,-,-,-,-,-,-,-,-,-,-,-,-,-,-,-
crm для телеграм,,-,-,-,-,-,-,-,-,-,-,-,-,-,-,-,-,-,-,-,-,-
crm для товарки,,-,-,-,-,-,-,-,-,-,-,-,-,-,-,-,-,-,-,-,-,-
crm для товарного бізнесу,,-,-,-,-,-,-,-,-,-,-,-,-,-,-,-,-,-,-,-,-,-
crm для торговли,,-,-,-,-,-,-,-,-,-,-,-,-,-,-,-,-,-,-,-,-,-
crm для тренажерного зала,,-,-,-,-,-,-,-,-,-,-,-,-,-,-,-,-,-,-,-,-,-
crm для тренера,,-,-,-,-,-,-,-,-,-,-,-,-,-,-,-,-,-,-,-,-,-
crm для фітнес клубу,,-,-,-,-,-,-,-,-,-,-,-,-,-,-,-,-,-,-,-,-,-
crm для фотостудии,,-,-,-,-,-,-,-,-,-,-,-,-,-,-,-,-,-,-,-,-,-
crm для хостела,,-,-,-,-,-,-,-,-,-,-,-,-,-,-,-,-,-,-,-,-,-
crm для юристів,https://uspacy.ua/cases/industries/legalcompany/,65,43,22,65,66,66,27,24,64,64,51,14,18,25,16,26,15,23,53,52,-
crm система для бізнесу,,-,-,-,-,-,-,-,-,-,-,-,-,-,-,-,-,-,-,-,-,-
crm система для інтернет магазинів,,-,-,-,-,-,-,-,-,-,-,-,-,-,-,-,-,-,-,-,-,-
crm система для інтернет магазину,,-,-,-,-,-,-,-,-,-,-,-,-,-,-,-,-,-,-,-,-,-
crm система для маркетплейсов,,-,-,-,-,-,-,-,-,-,-,-,-,-,-,-,-,-,-,-,-,-
crm система для оптових та роздрібних продажів,,-,-,-,-,-,-,-,-,-,-,-,-,-,-,-,-,-,-,-,-,-
crm система для отдела продаж,,-,-,-,-,-,-,-,-,-,-,-,-,-,-,-,-,-,-,-,-,-
crm система для продаж,,-,-,-,-,-,-,-,-,-,-,-,-,-,-,-,-,-,-,-,-,-
crm система для ресторана,,-,-,-,-,-,-,-,-,-,-,-,-,-,-,-,-,-,-,-,-,-
crm система для сто,,-,-,-,-,-,-,-,-,-,-,-,-,-,-,-,-,-,-,-,-,-
crm система для товарного бинеса,,-,-,-,-,-,-,-,-,-,-,-,-,-,-,-,-,-,-,-,-,-
аналог amocrm,https://uspacy.ua/comparison/kommo/,,,,,,,,,,,,5,5,5,5,4,5,-,5,5,3
украинский аналог retailcrm,,,,,,,,,,,,,-,-,-,-,-,-,-,-,-,-
аналог bitrix,https://uspacy.ua/comparison/bitrix24/,,,,,,,,,,,,7,7,6,6,4,5,4,4,8,8
аналоги битрикса,https://uspacy.ua/comparison/bitrix24/,,,,,,,,,,,,7,7,6,7,6,6,6,6,7,9
аналог битрикс,https://uspacy.ua/comparison/bitrix24/,,,,,,,,,,,,-,-,7,6,6,6,6,6,7,7
аналоги битрикс24,https://uspacy.ua/comparison/bitrix24/,,,,,,,,,,,,-,-,5,5,5,5,5,5,6,7
аналоги битрикс 24,https://uspacy.ua/comparison/bitrix24/,,,,,,,,,,,,7,7,6,7,6,7,7,6,7,7
аналог 1с битрикс,https://uspacy.ua/comparison/bitrix24/,,,,,,,,,,,,-,-,-,61,-,74,59,64,-,-
1с битрикс аналоги,https://uspacy.ua/comparison/bitrix24/,,,,,,,,,,,,-,-,58,54,56,47,32,54,54,55
альтернатива битриксу,https://uspacy.ua/comparison/bitrix24/,,,,,,,,,,,,55,61,61,69,21,13,50,64,-,78
заміна бітрікс24,https://uspacy.ua/comparison/bitrix24/,,,,,,,,,,,,20,21,6,6,6,6,6,6,9,6
аналог bitrix24,https://uspacy.ua/comparison/bitrix24/,,,,,,,,,,,,7,5,5,5,5,5,4,5,5,6
битрикс24 аналог,https://uspacy.ua/comparison/bitrix24/,,,,,,,,,,,,7,7,5,5,5,5,5,5,7,7
аналоги bitrix24,https://uspacy.ua/comparison/bitrix24/,,,,,,,,,,,,7,5,5,5,5,5,4,5,7,7
альтернатива bitrix24,https://uspacy.ua/comparison/bitrix24/,,,,,,,,,,,,6,7,7,7,6,7,7,4,7,7
hubspot аналоги,https://uspacy.ua/comparison/keycrm/,,,,,,,,,,,,43,43,-,44,42,43,43,45,55,-
bitrix аналоги,https://uspacy.ua/comparison/bitrix24/,,,,,,,,,,,,6,6,6,6,6,6,6,5,7,8
ремонлайн аналоги,,,,,,,,,,,,,-,-,-,-,-,-,-,-,-,-
ремонлайн аналог,,,,,,,,,,,,,-,-,-,-,-,-,-,-,-,-
remonline аналог,,,,,,,,,,,,,-,-,-,-,-,-,-,-,-,-
